newsDate,content,id,stockDate,start,end,flag,nikkeiFlag,predictScore
23/01/04,"2023年1月4日 TDK株式会社（社長：齋藤 昇）は、米国を拠点とするベンチャー企業であるQeexo, Co（CEO：Sang Won Lee, 以下 “Qeexo”）の買収に合意したことを本日発表します。Qeexoはカーネギーメロン大学からスピンアウトした企業であり、エッジデバイス向けエンドツーエンド機械学習の自動化を手掛けています。Qeexoは本買収により、対米外国投資委員会（CFIUS）の承認など、通常のクロージング条件に従って、TDKの完全子会社となる予定です。 Qeexoは、米国カリフォルニア州マウンテンビューを拠点とし、エッジデバイス向けエンドツーエンド機械学習を初めて自動化した企業です。Qeexo のAutoMLは、ノーコード（ノンプログラミング）環境を可能とし、データの収集と、ニューラルネットワークと非ニューラルネットワークの両方を含む異なる18種類（拡張中）の機械学習アルゴリズムの同一データセットに対する学習を可能にし、それぞれのメトリクス（精度、メモリサイズ、レイテンシ）を生成することで、ユーザーが独自の要件に最適なモデルを選択できます。クラウドベースの使いやすいソリューションであり、ユーザーがセンサデータを収集、注釈付け、クレンジング、視覚化し、複数の異なるアルゴリズムを用いて『tinyML』モデルを自動的に構築できるようにする直感的UIプラットフォームシステムを提供します。 QeexoのAutoMLプラットフォームにより、お客様はセンサデータを活用して、産業機器、IoT、ウェアラブル、自動車、モバイルなどのアプリケーションで、制約の多い環境下でも非常に小さなメモリフットプリントで、超低レイテンシーかつ低消費電力に最適化した機械学習ソリューションを迅速に構築することが可能になります。QeexoのAutoMLは、直感的で合理化されたプロセスオートメーションにより、MLに関する専門の知識がないお客様であっても独自のアプリケーションのためのエッジAI機能の設計を大幅に加速させることを可能にします。 TDK米国本社のCEOであるジム・トランは次のように述べています、「Qeexoは、MLに関する専門知識を持たない人でもMLアプリケーションの開発と展開を自動化できる専門知識、MLアプリケーションの大量出荷、スマートエッジソリューションの展開を加速するためのセンサの理解など、ユニークな組み合わせをもたらします。」「Qeexoが有する専門性と、TDKのセンサ、二次電池、その他の製品に関する専門知識と組み合わせることで、幅広い用途や産業に対応するシステムレベルのソリューション構築が可能となります」 QeexoのCEO、Sang Won Leeは続けて次のように述べています。「当社のプラットフォームは数多くのMLアプリケーションの開発および展開を可能としてきた当社の歴史から生まれたものであり、MLの専門知識がなくても現実の世界の問題を迅速かつ効率的に解決できます。当社のAutoMLツールは、TDKが構築する優れたセンサシステムにぴったりのパートナーになると考えています」 2023年1月5日から8日までラスベガス・コンベンションセンター（LVCC）におけるCES 2023にて、TDKは30を超える数のテクノロジー、ソリューション、プラットフォームを紹介する予定です。場所はセントラルホールNo.16181です。Qeexoは、機械学習プラットフォームをTDKのブースで披露し、また、ノースホールのQeexoブース（No. 11222）においてもテクノロジーソリューション一式を紹介します。 TDK株式会社（本社：東京）は、スマート社会における電子デバイスソリューションのリーディングカンパニーを目指しています。 独自の磁性素材技術をそのDNAとし、最先端の技術革新で未来を引き寄せ（Attracting Tomorrow）、社会の変革に貢献してまいります。 当社は各種エレクトロニクス機器において幅広く使われている電子材料の「フェライト」を事業化する目的で1935年に設立されました。主力製品は、積層セラミックコンデンサ、アルミ電解コンデンサ、フィルムコンデンサ、インダクタ、フェライトコア、高周波部品、ピエゾおよび保護部品等の各種受動部品をはじめ、温度、圧力、磁気、MEMSセンサなどのセンサおよびセンサシステムがあります。さらに、磁気ヘッドや電源、二次電池などです。これらの製品ブランドとしては、TDK、EPCOS、InvenSense、Micronas、Tronics、TDK-Lambdaがあります。 アジア、ヨーロッパ、北米、南米に設計、製造、販売のネットワークを有し、自動車、産業電子機器、コンシューマー製品、そして情報通信機器など幅広い分野においてビジネスを展開しています。2022年3月期の売上は約1兆9,000億円で、従業員総数は全世界で約117,000人です。 Qeexoは、内蔵エッジデバイス向けにエンドツーエンド機械学習を初めて自動化した企業です（Cortex M0-M4 クラス）。ワンクリック全自動Qeexo AutoMLプラットフォームにより、顧客企業は産業、IoT、ウェアラブル、自動車、モバイルなどでの用途で、非常に制約がある環境向けの機械学習ソリューションを素早く構築することができます。 世界中の3億を超えるデバイスは、Qeexo AutoML上に構築したAIを搭載しています。Qeexo AutoMLで構築したソリューションは、高性能を約束し、超低レイテンシ、超低電力消費、そして信じられないほど小さなメモリフットプリントを実現するよう最適化されています。 https://qeexo.com",a24250c89fe0975a97c0d5c97d59b585a02d6feb7ddb3952ac319e01dbdaaf9a,23/01/04,4265.0,4205.0,1,1,2.0
23/01/13,2023年1月13日 TDK株式会社（社長：齋藤昇）は、以下の通り人事異動を決定いたしましたので、ご案内申し上げます。 1. 発令日2023年1月1日 ■ 役職任用 以上,7d6b78632ebaa3872f154864fe5ee4685f59351603841d7a7214dde8f25a1580,23/01/13,4425.0,4345.0,1,1,0.1666
23/02/07,"2023年2月7日 TDK株式会社（社長：齋藤　昇）は、業界初*の車載Ethernet 10BASE-T1S用コモンモードフィルタ 「ACT1210Eシリーズ」（L3.2㎜×W2.5㎜×H2.5㎜)を開発し、2023年2月より量産を開始したことを発表します。 本製品は、車載Ethernet 10BASE-T1Sに対応した車載用コモンモードフィルタです。TDK独自の巻線構造と最適な材料を採用することで、業界最高レベルのSパラメータを実現し、かつライン間容量10pF max.を達成しました。使用温度範囲は、-40℃～+125℃で、巻線ワイヤーと金属端子のレーザー接合により高い熱衝撃耐性を確保し、高信頼性を実現しています。 近年、車両の自動運転が注目されている中で、ADAS（先進運転支援システム）ECUを含む、安全機能に関係するECUの搭載が増えつつあります。Ethernet系の通信規格においては、通信方式がPeer to Peerに限定される100BASE-T1や1000BASE-T1と異なり、10BASE-T1Sは複数のECUを接続可能なマルチドロップ方式を採用できることを特徴としています。同様にマルチドロップ接続が可能な現在普及しているCAN/CAN FD/Flex-Rayの規格からEthernet系システムへの統一化を検討するお客様が増えてきています。本製品は、そのニーズに沿った特性を実現し、通信品質の向上やノイズ抑制に貢献します。 当社は、現在主流のCAN/CAN-FD、Flex-Rayに加え、Ethernetでは通信速度100Mbpsの100BASE-T1用、1Gbpsの1000BASE-T1用等、車載通信用コモンモードフィルタのラインアップを豊富に取り揃えております。今後も車載通信用コモンモードフィルタの総合的な製品サービスの提供により、お客様の要求に応えてまいります。 TDK株式会社（本社：東京）は、スマート社会における電子デバイスソリューションのリーディングカンパニーを目指しています。 独自の磁性素材技術をそのDNAとし、最先端の技術革新で未来を引き寄せ（Attracting Tomorrow）、社会の変革に貢献してまいります。 当社は各種エレクトロニクス機器において幅広く使われている電子材料の「フェライト」を事業化する目的で1935年に設立されました。主力製品は、積層セラミックコンデンサ、アルミ電解コンデンサ、フィルムコンデンサ、インダクタ、フェライトコア、高周波部品、ピエゾおよび保護部品等の各種受動部品をはじめ、温度、圧力、磁気、MEMSセンサなどのセンサおよびセンサシステムがあります。さらに、磁気ヘッドや電源、二次電池などです。これらの製品ブランドとしては、TDK、EPCOS、InvenSense、Micronas、Tronics、TDK-Lambdaがあります。 アジア、ヨーロッパ、北米、南米に設計、製造、販売のネットワークを有し、自動車、産業電子機器、コンシューマー製品、そして情報通信機器など幅広い分野においてビジネスを展開しています。2022年3月期の売上は約1兆9,000億円で、従業員総数は全世界で約117,000人です。",c614c4aebdad3ca038a98ba53967893bb8a8e5c9c0547209bb60e4352ef3542c,23/02/07,4790.0,4745.0,1,1,2.8333
23/02/16,"TDK Worldwide Customer's Login 2023年2月16日 TDK株式会社（社長：齋藤 昇）は、Micronasブランドの組み込みモータ・コントローラにHVC5xシリーズを加え、 製品ラインアップを拡張しました。 HVC5xシリーズはプログラミングが可能なシステム・オン・チップ（SoC）モータ・コントローラで、自動車や産業機器に使われる小型ステッパーモータ、BLDCおよびBDCの駆動制御を行います。このHVC5xシリーズは、”ワンチップで、ステッパーモータ、BLDC、BDCの全てに対応できるモータ制御ソリューションを提供する”というコンセプトが受け入れられ、幅広く採用されているHVC4xシリーズを更に最適化した製品です。HVC5221Dおよび HVC5222Cは、特定のモータタイプに特化することにより、低コスト化とシステムの更なる小型化に寄与します。サンプルは既に提供中で、量産は2024年の初旬を予定しています。 既存のHVC4xシリーズに新製品HVC5xシリーズの2品名が加わることで、TDKが提供できるモータ制御ソリューションのポートフォリオは大きく広がり、特に、電気自動車やハイブリッド車の熱制御システム用のアクチュエータでの需要を見込んでいます。HVC5221Dはそれぞれのピーク電流が500mAの出力端子を4つ備え、拡張バルブや水冷バルブ用のステッピングモータおよびDCモータでの使用を想定しています。HVC5222Cは出力端子を3つ備え、フェーズ当たりの最大電流が1Aまでのグリルシャッターや小型ファン用のBLDCに適しています。* 両デバイスともに、7つの汎用入出力ポートや様々な車載用の診断・安全機能を備え、小型の24ピンQFNパッケージで提供します。HVC5xシリーズはピン互換性をもっており、設計や拡張性を容易にします。 HVC4xシリーズとHVC5xシリーズの共通項目：  用語集 主な用途**  Key data*** *ターゲット・アプリケーションは一例で、システム・レベルで確認いただく必要があります。 **IP-Notice: If LIN auto-addressing features are used, third-party rights such as EP 1490 772 B should be considered. ***すべての動作パラメータは、実際のアプリケーションごとにお客様によって検証いただく必要があります。  TDK株式会社について TDK株式会社（本社：東京）は、スマート社会における電子デバイスソリューションのリーディングカンパニーを目指しています。 独自の磁性素材技術をそのDNAとし、最先端の技術革新で未来を引き寄せ（Attracting Tomorrow）、社会の変革に貢献してまいります。 当社は各種エレクトロニクス機器において幅広く使われている電子材料の「フェライト」を事業化する目的で1935年に設立されました。主力製品は、積層セラミックコンデンサ、アルミ電解コンデンサ、フィルムコンデンサ、インダクタ、フェライトコア、高周波部品、ピエゾおよび保護部品等の各種受動部品をはじめ、温度、圧力、磁気、MEMSセンサなどのセンサおよびセンサシステムがあります。さらに、磁気ヘッドや電源、二次電池などです。これらの製品ブランドとしては、TDK、EPCOS、InvenSense、Micronas、Tronics、TDK-Lambdaがあります。 アジア、ヨーロッパ、北米、南米に設計、製造、販売のネットワークを有し、自動車、産業電子機器、コンシューマー製品、そして情報通信機器など幅広い分野においてビジネスを展開しています。2022年3月期の売上は約1兆9,000億円で、従業員総数は全世界で約117,000人です。  TDK ミクロナスについて TDK ミクロナスは、TDKにおける磁気センサとそのCMOSプロセスへのインテグレーションのコンピテンス・センターです。TDK ミクロナスは、四半世紀以上のセンサとアクチュエータを自社一貫生産で製造してきた優れた経験を有しています。1993年、初めてのCMOSテクノロジを用いたホールセンサを発表して以来、自動車/産業機器向けに50億個を超えるセンサを出荷しました。事業本部はフライブルク・イム・ブライスガウにあります。従業員数は約1000 人です。  本文および関連する画像はhttps://www.micronas.tdk.com/en/products/embedded-motor-controllers/hvc-5xからダウンロードできます。 引き続き電子メールで情報更新をさせて頂きます、本サービスは記者のみが対象となりますのでご承知ください。 フォローする Privacy PolicyCookie PolicyTerms of UseImprintCookie settings © TDK-Micronas GmbH 2020 TDK logo is a trademark or registered trademark of TDK Corporation.",df1ebd8adc0b08ebd5782ab90504dd94b27789ec6b7b8686dff3843c89b0e82a,23/02/16,4600.0,4620.0,2,2,3.0
23/02/21,"2023年2月21日 TDK株式会社（社長：齋藤　昇）は、車載用大電流チップビーズ 「MPZ2520SPHシリーズ」（L2.5㎜×W2.0㎜×H0.85㎜)を開発し、2023年2月より量産を開始したことを発表します。 本製品は、L2.5㎜×W2.0㎜の小型サイズながら定格電流12Aを実現した車載用EMC対策製品の大電流チップビーズです。現在、大電流が必要とされる電源回路ではL3.2㎜×W2.5㎜ 以上の大型サイズや、12A未満のチップビーズを複数用いた並列構成により大電流に対応しています。本製品は、チップビーズの使用数の削減による実装の省スペース化と単品での直列構成で印可電流の安定化に貢献します。TDK独自のパターン構成と最適な材料を採用することで、小型サイズで業界最高レベル*の定格電流を実現しました。 近年、電気自動車等のパワートレイン系では、大電流に対応したチップビーズのニーズが高まっています。産機、民生分野においても同様のニーズがあり同一の大電流仕様で量産を開始します。 当社の車載用チップビーズには、150℃の環境下でも使用可能なKPZシリーズもございます。信号回路用も含め用途に応じた豊富なラインアップを提供しています。今後もお客様のご要望に沿ったノイズ対策製品の総合的な開発とサービスを進めて参ります。 TDK株式会社（本社：東京）は、スマート社会における電子デバイスソリューションのリーディングカンパニーを目指しています。 独自の磁性素材技術をそのDNAとし、最先端の技術革新で未来を引き寄せ（Attracting Tomorrow）、社会の変革に貢献してまいります。 当社は各種エレクトロニクス機器において幅広く使われている電子材料の「フェライト」を事業化する目的で1935年に設立されました。主力製品は、積層セラミックコンデンサ、アルミ電解コンデンサ、フィルムコンデンサ、インダクタ、フェライトコア、高周波部品、ピエゾおよび保護部品等の各種受動部品をはじめ、温度、圧力、磁気、MEMSセンサなどのセンサおよびセンサシステムがあります。さらに、磁気ヘッドや電源、二次電池などです。これらの製品ブランドとしては、TDK、EPCOS、InvenSense、Micronas、Tronics、TDK-Lambdaがあります。 アジア、ヨーロッパ、北米、南米に設計、製造、販売のネットワークを有し、自動車、産業電子機器、コンシューマー製品、そして情報通信機器など幅広い分野においてビジネスを展開しています。2022年3月期の売上は約1兆9,000億円で、従業員総数は全世界で約117,000人です。",6628ab26fded350e484689b7f6110abec1392a66dc8251c0ddcc54c72382b8ed,23/02/21,4510.0,4545.0,2,1,-1.333
23/02/28,"クラリベイト・アナリティクス・ジャパン株式会社 バイスプレジデントの小島崇嗣様とTDK株式会社 取締役常務執行役員の佐藤茂樹(写真左) 2023年2月28日 TDK株式会社（社長：齋藤　昇）は、このたび、クラリベイト（本社：英国ロンドン、日本オフィス：東京都港区）より「Clarivate Top 100 グローバル・イノベーター 2023」に選出され、受賞しましたのでお知らせします。 当社が選定されるのは今回で9回目になります。2012年以来、Top 100 Global Innovatorsは、特許を生み出す価値を測定し、世界のイノベーションの頂点に立つ企業を評価し最前線に立つ企業を表彰しています。 クラリベイトは14,000以上に及ぶ組織や企業の中から、最も革新的な企業を複数の基準をもとに選出します。基準には、過去5年間に取得した特許の量に加え、影響力、成功率、グローバル性、希少性があります。今回当社では、特に「影響力」「希少性」で高い評価をいただきました。 本件の受賞に関する当社の佐藤茂樹取締役常務執行役員（技術・知財本部長）のコメントは以下の通りです。 「この度Clarivate Top 100グローバル・イノベーター2023を受賞できたことは大変光栄です。今回で9回目、連続6回の受賞であり、今後とも、さらなるイノベーションによる価値創造に挑戦し、TDKグループの多種多様なグローバル経営資源を活用することで、価値のある製品・サービスを世の中に提供していきます。」 当社は1935年の創業以来、強みである材料技術、生産技術、プロセス技術を絶え間なく向上させることに専念し、電子部品業界のリーディングカンパニーとして独創的かつ最先端の技術や製品を生みだし続けてきました。2022年、TDKは業界をリードする新製品、ソリューションを発表しました 。今後とも独自のコアテクノロジーをもとに新製品の開発を加速し事業機会を積極的に取り込むと同時に、2CXの実現に向けてDXとEXをさらに加速させ持続可能な社会のための価値を創造してまいります。 *2CX：Customer Experience and Consumer Experience 受賞レポートとClarivate Top 100 グローバル・イノベーター 2023の受賞全企業については、 https://clarivate.com/ja/news/clarivate-names-top-100-global-innovators-2023/をご覧下さい。 TDK株式会社（本社：東京）は、スマート社会における電子デバイスソリューションのリーディングカンパニーを目指しています。 独自の磁性素材技術をそのDNAとし、最先端の技術革新で未来を引き寄せ（Attracting Tomorrow）、社会の変革に貢献してまいります。 当社は各種エレクトロニクス機器において幅広く使われている電子材料の「フェライト」を事業化する目的で1935年に設立されました。主力製品は、積層セラミックコンデンサ、アルミ電解コンデンサ、フィルムコンデンサ、インダクタ、フェライトコア、高周波部品、ピエゾおよび保護部品等の各種受動部品をはじめ、温度、圧力、磁気、MEMSセンサなどのセンサおよびセンサシステムがあります。さらに、磁気ヘッドや電源、二次電池などです。これらの製品ブランドとしては、TDK、EPCOS、InvenSense、Micronas、Tronics、TDK-Lambdaがあります。 アジア、ヨーロッパ、北米、南米に設計、製造、販売のネットワークを有し、自動車、産業電子機器、コンシューマー製品、そして情報通信機器など幅広い分野においてビジネスを展開しています。2022年3月期の売上は約1兆9,000億円で、従業員総数は全世界で約117,000人です。",0538d9c4a56858aea994ca2cf2f4834dfcaad61f6f75bfe52e89cdc68257861a,23/02/28,4575.0,4560.0,1,1,-1.166
23/03/01,"2023年3月1日 TDK株式会社（社長：齋藤　昇）は、従業員がいきいきと働くことができる職場環境を目指して日本国内の作業服を約四半世紀ぶりに全面リニューアルし、2023年4月から新作業服をTDKグループ24拠点で導入します。新作業服においてはダイバーシティを意識した、より安全でスタイリッシュなデザインを採用しました。 現在の作業服は日本国内の工場で約四半世紀にわたり使用されています。この度の全面リニューアルにあたり、国内の着用者（約15,000名）を対象にしたアンケートを実施した結果、ファッション性の課題や男女でデザインが統一されていないなどの意見が寄せられました。次世代を担う若手社員を主体とした作業服リニューアルプロジェクトメンバーを中心に約1年以上の検討を重ね、従業員の声を新作業服のデザインに反映しました。新作業服のコンセプトと主な特長は以下のとおりです。 今回の新作業服導入をきっかけに、職場環境のダイバーシティを整備し、多様な人財がいきいきと活躍し、より創造的なアイデアを生み出せる企業風土を更に醸成してまいります。 TDK株式会社（本社：東京）は、スマート社会における電子デバイスソリューションのリーディングカンパニーを目指しています。 独自の磁性素材技術をそのDNAとし、最先端の技術革新で未来を引き寄せ（Attracting Tomorrow）、社会の変革に貢献してまいります。 当社は各種エレクトロニクス機器において幅広く使われている電子材料の「フェライト」を事業化する目的で1935年に設立されました。主力製品は、積層セラミックコンデンサ、アルミ電解コンデンサ、フィルムコンデンサ、インダクタ、フェライトコア、高周波部品、ピエゾおよび保護部品等の各種受動部品をはじめ、温度、圧力、磁気、MEMSセンサなどのセンサおよびセンサシステムがあります。さらに、磁気ヘッドや電源、二次電池などです。これらの製品ブランドとしては、TDK、EPCOS、InvenSense、Micronas、Tronics、TDK-Lambdaがあります。 アジア、ヨーロッパ、北米、南米に設計、製造、販売のネットワークを有し、自動車、産業電子機器、コンシューマー製品、そして情報通信機器など幅広い分野においてビジネスを展開しています。2022年3月期の売上は約1兆9,000億円で、従業員総数は全世界で約117,000人です。",81d053073cfd74844480c43b00d62c1eb0dba7e1bd0391488fee0852e7d1231b,23/03/01,4540.0,4655.0,2,2,0.0
23/03/01,2023年3月1日 TDK株式会社（社長：齋藤昇）は、以下の通り執行役員人事を決定致しましたので、ご案内申し上げます。 以上の異動により、2023年4月1日付にて、当社の執行役員体制は次のようになります。 以上,bc56526f193fd8523afbf50571c04ea9c85fd8adad2653154dbe99f05d0ad89c,23/03/01,4540.0,4655.0,2,2,0.0
23/03/01,2023年3月1日 TDK株式会社（社長：齋藤昇）は、以下の通り人事異動・組織変更を決定いたしましたので、ご案内申し上げます。 1. 発令日　　　 2023年4月1日  ■ 役員の委嘱変更 ■ 役職変更 1. 発令日　　　2023年4月1日 以上,2308274f0c6fd831a9e6d7c62de0ba9e7902708e33cb3b389b92eecd73c50b9f,23/03/01,4540.0,4655.0,2,2,0.0
23/03/09,"2023年3月9日 TDK株式会社（社長：齋藤　昇）は、このたび、当社が発行する「統合報告書2022」において、日本経済新聞社が主催する「第2回日経統合報告書アワード」の優秀賞を受賞しましたのでお知らせします。 TDKの「統合報告書2022」では、2022年4月に当社社長執行役員に就任した齋藤昇のメッセージから始まり、価値創造ストーリーやマテリアリティ、人財戦略、サステナビリティ情報、ガバナンス体制の進化など、中長期的な企業価値向上に向けた取り組みをわかりやすくお伝えする構成としています。 今後も、ステークホルダーの皆様への積極的な情報開示と相互コミュニケーションを重視し、企業価値の持続的な向上に努めてまいります。 TDKの統合報告書は、以下のウェブサイトにてご覧いただけます。 https://www.tdk.com/ja/ir/ir_library/annual/index.html 「日経統合報告書アワード」とは 1998年より毎年、日本企業が発行するアニュアルリポートの更なる充実と普及を目的として、「日経アニュアルリポートアウォード」が日本経済新聞社の主催により実施されてきました。近年、アニュアルレポートは、非財務情報であるESG要素を財務情報に包摂し、企業価値を説明する報告書として進化・発展し、大いに注目されています。このような状況を捉え、2021年より「日経アニュアルリポートアウォード」から「日経統合報告書アワード」に改称され、審査体制の多層化・拡充や受賞体系の再編・拡充が図られました。 「第2回日経統合報告書アワード」は 企業・団体から2021年度（290件）の1.3倍となる387件の応募があり、機関投資家、監査法人、コンサルティング、学識経験者などによる審査を経て各賞が選ばれました。 詳細は、以下のウェブサイトをご参照下さい。 https://adnet.nikkei.co.jp/a/nira/index.html TDK株式会社（本社：東京）は、スマート社会における電子デバイスソリューションのリーディングカンパニーを目指しています。 独自の磁性素材技術をそのDNAとし、最先端の技術革新で未来を引き寄せ（Attracting Tomorrow）、社会の変革に貢献してまいります。 当社は各種エレクトロニクス機器において幅広く使われている電子材料の「フェライト」を事業化する目的で1935年に設立されました。主力製品は、積層セラミックコンデンサ、アルミ電解コンデンサ、フィルムコンデンサ、インダクタ、フェライトコア、高周波部品、ピエゾおよび保護部品等の各種受動部品をはじめ、温度、圧力、磁気、MEMSセンサなどのセンサおよびセンサシステムがあります。さらに、磁気ヘッドや電源、二次電池などです。これらの製品ブランドとしては、TDK、EPCOS、InvenSense、Micronas、Tronics、TDK-Lambdaがあります。 アジア、ヨーロッパ、北米、南米に設計、製造、販売のネットワークを有し、自動車、産業電子機器、コンシューマー製品、そして情報通信機器など幅広い分野においてビジネスを展開しています。2022年3月期の売上は約1兆9,000億円で、従業員総数は全世界で約117,000人です。",3779992afbacd8ffa8f801ad1a529357b256e3548d2e3b569102bf3e8b7d80bb,23/03/09,4875.0,4875.0,0,1,0.8333
23/03/14,"2023年3月14日 TDK株式会社（社長：齋藤 昇）は、車載高速インターフェイスのノイズ対策用コモンモードフィルタ「KCZ1210DH800HRTD25」（L1.25㎜×W1.00㎜×H0.50㎜）を開発し、2023年3月より量産を開始したことを発表します。 本製品は、昨年（2022年2月22日）リリースしたKCZ1210DHシリーズの追加製品となります。1㎓におけるインピーダンスは1000Ω、挿入損失は25dB以上と従来品比較でノイズ対策効果を最大限に向上させた製品です。昨今の先進運転支援システム（ADAS）の普及により、より安心で安全な自動運転を目標とする各種システムの信号処理の高速化は著しい変化を遂げています。本製品はフロントセンシングカメラ、ミリ波レーダー、LiDAR等に使用される高速信号処理の誤動作防止に貢献します。TDK独自の内部電極パターン構成と最適な低誘電材料を一体焼結した構造により、高特性、高信頼性を実現しています。また、端子電極に導電性樹脂層を設けることで熱衝撃による製品クラックの抑制、基板歪み等の機械的ストレスに対する耐性を向上させました。 当社の車載用積層製品は150℃対応のチップビーズをはじめ、高速差動伝送における輻射ノイズ対策用のコモンモードフィルタ等豊富なラインアップを提供しています。今後もさらに高速化する自動運転システムの通信品質に貢献するノイズ対策製品の開発とサービスに努めて参ります。 TDK株式会社（本社：東京）は、スマート社会における電子デバイスソリューションのリーディングカンパニーを目指しています。 独自の磁性素材技術をそのDNAとし、最先端の技術革新で未来を引き寄せ（Attracting Tomorrow）、社会の変革に貢献してまいります。 当社は各種エレクトロニクス機器において幅広く使われている電子材料の「フェライト」を事業化する目的で1935年に設立されました。主力製品は、積層セラミックコンデンサ、アルミ電解コンデンサ、フィルムコンデンサ、インダクタ、フェライトコア、高周波部品、ピエゾおよび保護部品等の各種受動部品をはじめ、温度、圧力、磁気、MEMSセンサなどのセンサおよびセンサシステムがあります。さらに、磁気ヘッドや電源、二次電池などです。これらの製品ブランドとしては、TDK、EPCOS、InvenSense、Micronas、Tronics、TDK-Lambdaがあります。 アジア、ヨーロッパ、北米、南米に設計、製造、販売のネットワークを有し、自動車、産業電子機器、コンシューマー製品、そして情報通信機器など幅広い分野においてビジネスを展開しています。2022年3月期の売上は約1兆9,000億円で、従業員総数は全世界で約117,000人です。",e9d9961e0f24831ce2590314bf703ac0d50c78a66cccccae83d378755b9def64,23/03/14,4600.0,4555.0,1,1,-1.999
23/03/17,"2023年3月17日 TDK株式会社（社長：齋藤　昇）は、気候変動などの環境問題に取り組む国際的な非政府組織CDPから、2022年度の「サプライヤー・エンゲージメント評価」において最高評価「A」を取得し、「サプライヤーエンゲージメント・リーダー」に選定されました。 「サプライヤー・エンゲージメント評価」は、CDP気候変動質問書の回答から、「ガバナンス」、「目標」、「スコープ3排出量算定」、「サプライチェーンエンゲージメント」に関する項目によって企業を評価します。当社は、サプライヤー環境活動やスコープ3排出量の結果を開示していることなどが高く評価されました。 CDPは、環境問題に高い関心を持つ世界の機関投資家の要請を踏まえ、企業に対して、気候変動、水資源保護、森林保全などの環境問題への取組みの促進と情報開示を求める活動を行う非営利組織です。2022年度、TDKは気候変動に関するサプライヤーへの働きかけについて評価された企業の中から、上位8%に該当する「サプライヤーエンゲージメント・リーダー」に選定されました。なお、CDP気候変動部門ではAマイナス評価、水セキュリティ対策では3年連続のA評価を得ております。 当社では、グループ全体の環境方針として、「環境基本理念」と「環境方針」からなる「TDK環境憲章」を制定し、持続可能な発展に寄与することを目指しています。これに基づき、具体的な活動の基本計画として、環境ビジョンおよび環境基本計画を策定し、実践に努めています。また、より健全な地球環境を次世代に継承するために気候変動や生物多様性に配慮した迅速かつ効果的な環境活動を社会に先駆けて実践するよう注力しております。中でもサプライヤー・エンゲージメントの取り組みについては、当社の購買理念である『グローバル・パートナーシップ購買』のもと、『グリーン調達基準書』の策定や、サプライヤーの環境取組調査、及び結果のフィードバック、環境部門の担当者との対話を実施した上でサプライヤー表彰の選考を行うことにより、サプライヤーと協働での環境活動強化に努めています。 現在の中期経営計画「Value Creation 2023」では、社会課題を解決し持続可能な社会の実現に貢献する「Social Value（社会的価値）」の追求を事業のすべての目的に置いており、その結果として「Commercial Value（成長戦略）」と「Asset Value（資本効率）」の増大を実現し、「Social Value」をさらに創造していくサイクルを回していきます。 また、お客様に満足していただけるソリューションを提供し、期待を超える体験をしていただく2CX（Customer ExperienceとConsumer Experience）の実現に向けて、2つの大きな社会的課題であるEX（エネルギートランスフォーメーション）とDX（デジタルトランスフォーメーション）に貢献することで、価値ある存在となることを目指します。社会に価値ある商品を提供することでビジネスの機会を捉え、同時にスピード重視の経営システムを確立していきます。 当社は、今後とも経営理念に基づき事業を通じた社会課題解決を目指すことを基本とするとともに、地球環境の再生・保護に努め独自かつ革新的なコアテクノロジーとソリューションの提供により持続可能で幸福な社会の実現に取り組んでまいります。 本年度の「サプライヤーエンゲージメント・リーダー」ならびに他の公開スコアは下記ページをご参照ください。 https://bit.ly/SERLeadership22 https://www.cdp.net/en/companies/companies-scores TDK株式会社（本社：東京）は、スマート社会における電子デバイスソリューションのリーディングカンパニーを目指しています。 独自の磁性素材技術をそのDNAとし、最先端の技術革新で未来を引き寄せ（Attracting Tomorrow）、社会の変革に貢献してまいります。 当社は各種エレクトロニクス機器において幅広く使われている電子材料の「フェライト」を事業化する目的で1935年に設立されました。主力製品は、積層セラミックコンデンサ、アルミ電解コンデンサ、フィルムコンデンサ、インダクタ、フェライトコア、高周波部品、ピエゾおよび保護部品等の各種受動部品をはじめ、温度、圧力、磁気、MEMSセンサなどのセンサおよびセンサシステムがあります。さらに、磁気ヘッドや電源、二次電池などです。これらの製品ブランドとしては、TDK、EPCOS、InvenSense、Micronas、Tronics、TDK-Lambdaがあります。 アジア、ヨーロッパ、北米、南米に設計、製造、販売のネットワークを有し、自動車、産業電子機器、コンシューマー製品、そして情報通信機器など幅広い分野においてビジネスを展開しています。2022年3月期の売上は約1兆9,000億円で、従業員総数は全世界で約117,000人です。 CDPは、英国の慈善団体が管理する非政府組織（NGO）であり、投資家、企業、国家、地域、都市が自らの環境影響を管理するためのグローバルな情報開示システムを運営しています。 2000年に設立され、現在では130兆米ドル以上の資産を保有する680以上の投資家と協力して、CDPは、資本市場と企業調達を利用して、企業が環境への影響を明らかにし、温室効果ガスの排出削減、水資源の保護、森林の保護を行うよう動機付ける先駆者となってきました。 2022年には、世界の時価総額の半分に相当する18,700社以上、1,100以上の都市、州・地域を含む、世界中の約20,000の組織がCDPを通じてデータを開示しています。 CDPは、TCFDに完全に準拠し、世界最大の環境データベースを保有しており、CDPのスコアは、ゼロカーボン、持続可能でレジリエント（強靭）な経済に向けた投資や調達の意思決定を推進するために広く利用されています。 CDPは、科学に基づく目標設定イニシアチブ（SBTi）、We Mean Business連合、The Investor Agenda（機関投資家の気候変動対策推進イニシアチブ）、NZAMI（ネットゼロ・アセットマネジャーズ・イニシアチブ：Net Zero Asset Managers Initiative）の創設メンバーです。",f967ddf739ae35941b1b338e1bd9d42bd48129205474dd430ef61c8deff5c225,23/03/17,4535.0,4535.0,0,2,2.6666
23/03/28,2023年3月28日 TDK株式会社（社長：齋藤昇）は本日開催の取締役会において、以下の通り取締役・監査役人事を内定致しましたので、ご案内申し上げます。 取締役・監査役につきましては、2023年6月22日開催予定の第127回定時株主総会において正式に審議決定される予定です。 ＊印は社外監査役 以上の異動により、2023年6月22日付にて、当社の取締役・監査役体制は次の通りになります。 *上記の記載内容は発表日現在のものです。 以上,973d3e8538686b96894b00c1c4f28f7d4631af16245f7023b3f17b7a4b5eff98,23/03/28,4675.0,4690.0,2,1,-2.5
23/03/30,"2023年3月30日 TDK株式会社（代表取締役社長：齋藤 昇、以下「TDK」）は、東北電力株式会社（取締役社長 社長執行役員：樋口 康二郎、以下「東北電力」）が提供する「よりそう、再エネ電気」への加入を通じて、2023年4月1日より東北・新潟エリアの全製造拠点の電力の100%を再生可能エネルギー由来といたします。 これによりTDKの国内全製造拠点における再生可能エネルギー由来の電力使用率は60%を超える見込みです。 本取り組みは、”すべての人々にとって持続可能で幸福な社会の実現を目指すTDK”、”未来の子どもたちが安心して暮らせる持続可能な社会を目指す東北電力”の両社のビジョンが一致したものであり、両社は今後も社会課題の解決へ向けて様々な協力を行ってまいります。 またTDKは他エリアの拠点についても再生可能エネルギー由来の電力転換を進め、2023年中には日本国内の主要製造拠点全ての電力の100％を再生可能エネルギー由来と致します。 TDKは「環境ビジョン2035」のもと、自然の循環を乱さない環境負荷での操業を通じて、TDKグループのサステナビリティビジョンである""テクノロジーですべての人を幸福に""の実現へ引き続き取り組んでまいります。 TDK株式会社（本社：東京）は、スマート社会における電子デバイスソリューションのリーディングカンパニーを目指しています。 独自の磁性素材技術をそのDNAとし、最先端の技術革新で未来を引き寄せ（Attracting Tomorrow）、社会の変革に貢献してまいります。 当社は各種エレクトロニクス機器において幅広く使われている電子材料の「フェライト」を事業化する目的で1935年に設立されました。主力製品は、積層セラミックコンデンサ、アルミ電解コンデンサ、フィルムコンデンサ、インダクタ、フェライトコア、高周波部品、ピエゾおよび保護部品等の各種受動部品をはじめ、温度、圧力、磁気、MEMSセンサなどのセンサおよびセンサシステムがあります。さらに、磁気ヘッドや電源、二次電池などです。これらの製品ブランドとしては、TDK、EPCOS、InvenSense、Micronas、Tronics、TDK-Lambdaがあります。 アジア、ヨーロッパ、北米、南米に設計、製造、販売のネットワークを有し、自動車、産業電子機器、コンシューマー製品、そして情報通信機器など幅広い分野においてビジネスを展開しています。2022年3月期の売上は約1兆9,000億円で、従業員総数は全世界で約117,000人です。",7ca3e25607c98c99c02b0df93795d8d2415dfdc9a0fbb5b24d193eb5d9bf9932,23/03/30,4700.0,4715.0,2,1,1.1666
23/03/30,"2023年3月30日 TDK株式会社（社長：齋藤　昇）は、TDK-Lambdaブランドのフラッグシップモデル超小型DC-DCコンバータ「CCGシリーズ」6Wモデル（CCG6）と10Wモデル（CCG10）の販売開始を発表します。TDKラムダ株式会社（社長：八鳥　佐内）が2023年3月より販売を開始します。 本製品は、トランス設計および機構・構造設計の最適化、最新小型部品の採用、高密度実装技術により、19.0 × 11.5（SMDタイプ：11.8） × 12.4 ㎜（W × H × D）の小型・省スペース化を実現し、各種お客様装置の小型化に貢献します。 入力電圧範囲3タイプ（4.5～18 VDC, 9～36 VDC, 18～76 VDC）と単出力・二出力を組み合わせ、豊富なラインアップを提供し、お客様の幅広いニーズにお応えします。広い入力電圧仕様は、様々なバッテリ電圧と電圧変動へ対応します。さらに複数の入力電圧（例：12/24 VDC）系に対応することで、お客様の制御基板等の共通化を可能とします。広い動作温度範囲は、装置の高密度化による高温環境下での使用と信頼性向上に貢献し、様々な用途におけるアプリケーションの幅を広げます。 実装端子形状はSMD/DIPタイプを用意し、お客様の基板実装プロセスに合わせた柔軟な対応が可能です。特にSMDタイプは、お客様における生産自動化・省人化に貢献します。 今回の新モデルにより、当社のフラッグシップモデルである「CCGシリーズ」には、既に販売している1.5W, 3W, 15W, 30Wに対し、6W, 10Wが新たに加わることとなります。引き続き、幅広いラインアップを取りそろえることにより、お客様装置にとって最適な製品をお届けしてまいります。 TDK株式会社（本社：東京）は、スマート社会における電子デバイスソリューションのリーディングカンパニーを目指しています。 独自の磁性素材技術をそのDNAとし、最先端の技術革新で未来を引き寄せ（Attracting Tomorrow）、社会の変革に貢献してまいります。 当社は各種エレクトロニクス機器において幅広く使われている電子材料の「フェライト」を事業化する目的で1935年に設立されました。主力製品は、積層セラミックコンデンサ、アルミ電解コンデンサ、フィルムコンデンサ、インダクタ、フェライトコア、高周波部品、ピエゾおよび保護部品等の各種受動部品をはじめ、温度、圧力、磁気、MEMSセンサなどのセンサおよびセンサシステムがあります。さらに、磁気ヘッドや電源、二次電池などです。これらの製品ブランドとしては、TDK、EPCOS、InvenSense、Micronas、Tronics、TDK-Lambdaがあります。 アジア、ヨーロッパ、北米、南米に設計、製造、販売のネットワークを有し、自動車、産業電子機器、コンシューマー製品、そして情報通信機器など幅広い分野においてビジネスを展開しています。2022年3月期の売上は約1兆9,000億円で、従業員総数は全世界で約117,000人です。 TDKラムダ株式会社は、信頼性・革新性の高い産業機器向け電源をグローバルに提供するリーディングカンパニーです。日本、中国、ヨーロッパ、アメリカ、アジアの世界5極に研究開発拠点を置き、開発・製造から販売・保守までのフルファンクション体制でお客さまのさまざまなニーズにお応えしていきます。詳細は、https://www.jp.lambda.tdk.com/ja/をご覧下さい。 Copyright(c) TDK-Lambda Corporation. All rights reserved. TDK logo is a trademark or registered trademark of TDK Corporation. PAGE TOP",a68465be1cfd3ce038377a03f9645093eb024138e400022eba810e15fa54fd6a,23/03/30,4700.0,4715.0,2,1,1.1666
23/04/18,"TDK Worldwide Customer's Login 2023年4月18 TDK株式会社（社長：齋藤 昇）はミクロナスブランドの高速2D HALセンサHAL 302xを追加し、製品ポートフォリオの充実を図ります。当該製品は、自動車・産業機器アプリケーションにおける外乱磁場補正要求に応え、ISO 26262要件を満たした開発にも対応可能です。新シリーズは、まずHAL 3020とHAL 3021の2種類で構成され、HAL 302xセンサは、差動或いはシングルエンドのサイン及びコサイン信号を出力し、外部マイクロコントローラー/ECUでの角度計算に使用されます。HAL 3020は電動ポンプ、電気弁など、コストが重視されるアプリケーションに最適です。当該センサは、TDK-ミクロナスが提供する組み込みタイプモータコントローラー製品群との組み合わせも容易なので、ポンプやバルブ用モーターのより正確で安全な制御を実現します。HAL 3021は電動パワー ステアリング、e モータ (e アクスル) 、電動ブレーキブースター、電子機械ブレーキ (EMB) などより要求の厳しい高速センシング アプリケーションに適しています。当該製品のサンプルは既に提供可能で、量産は、2024年上期を予定しています。 HAL 302xセンサはパッケージ表面に垂直する磁場（Bz）を検知し、360°の回転角度を計測できます。HAL 3020は、パッケージ表面に対して水平な三つのホールプレートを使用して計測する一方、HAL 3021は六つの水平ホールプレートを使用しています。二つの製品とも、周辺のDC、ACから生じる外乱磁場（ISO 11452-8にて定義）を補正する機能が付いています。センサの内部計算を通じて、高調波ノイズを抑制することができるため、シンプルでコストパフォーマンスの良い2極フェライト磁石を軸上に配置する構成でも、絶対角度の測定を十分に行うことができます。また、外乱磁場補正機能により、高価な磁気シールドや強力な磁石の使用が不要になるため、ハイブリッド車や電気自動車に使用される次世代の電気モータの設計及び製造の柔軟性が高まります。 HAL 3021は、軸の変異、エアギャップの変動、傾斜など静的及び動的に起こる機械的なズレに対して最高の堅牢性を有していることが大きな特長です。これにより、モーターの製品ライフを通じて、信頼性が高く、かつ効率の良い制御を実現できます。また、正弦波と余弦波の振幅のミスマッチ、オフセット エラー、(絶対) 0 角度、直交性エラーなどメインセンサー及びシステム レベルでの非理想成分をオンチップで補正できることにより、ECUの負荷を軽減できます。 HAL 302x は、ISO 26262 で規定されたSEooC ASIL C に対応し、ASIL Dレベルのシステム統合をサポートすることができます。本センサには、さまざまな診断機能が統合されているため、外部ECUからの安全監視を簡素化することにも役立ちます。HAL 302xセンサの動作温度範囲はTj –40 °C ～+170 °Cと幅広く、小型SOIC8 SMD パッケージにて提供されます。 用語集 主な用途* メイン機能及び利点**  主要データ * 当社製品にて言及したすべての対象アプリケーションは、実現目的/機能への適合性を主張しなく、システムでのご検証が必要となる ** すべての動作パラメータは、実際のアプリケーションごとにお客様にてご検証いただく必要があります。  TDK株式会社について TDK株式会社（本社：東京）は、スマート社会における電子デバイスソリューションのリーディングカンパニーを目指しています。 独自の磁性素材技術をそのDNAとし、最先端の技術革新で未来を引き寄せ（Attracting Tomorrow）、社会の変革に貢献してまいります。当社は各種エレクトロニクス機器において幅広く使われている電子材料の「フェライト」を事業化する目的で1935年に設立されました。主力製品は、積層セラミックコンデンサ、アルミ電解コンデンサ、フィルムコンデンサ、インダクタ、フェライトコア、高周波部品、ピエゾおよび保護部品等の各種受動部品をはじめ、温度、圧力、磁気、MEMSセンサなどのセンサおよびセンサシステムがあります。さらに、磁気ヘッドや電源、二次電池などです。これらの製品ブランドとしては、TDK、EPCOS、InvenSense、Micronas、Tronics、TDK-Lambdaがあります。アジア、ヨーロッパ、北米、南米に設計、製造、販売のネットワークを有し、自動車、産業電子機器、コンシューマー製品、そして情報通信機器など幅広い分野においてビジネスを展開しています。2022年3月期の売上は約1兆9,000億円で、従業員総数は全世界で約117,000人です。 製品の詳細情報は https://www.micronas.tdk.com/ja/products/direct-angle-sensors/hal-30xy からご参照できます。 引き続き電子メールで情報更新をさせて頂きます、本サービスは記者のみが対象となりますのでご承知ください。 フォローする Privacy PolicyCookie PolicyTerms of UseImprintCookie settings © TDK-Micronas GmbH 2020 TDK logo is a trademark or registered trademark of TDK Corporation.",b02e8c0766ee1920a4cf7b23c46d313bec7ada1a87470a5fe53cd3bc221c44b9,23/04/18,4650.0,4695.0,2,2,-2.0
23/04/20,"2023年4月20日 TDK株式会社（社長：齋藤　昇）は、TDK-Lambdaブランドの力率改善モジュールPF1500B-360を新たに開発したことを発表します。TDKラムダ株式会社（社長：八鳥　佐内）が2023年4月より販売を開始します。 本製品は入力85VAC～265VACから出力 360VDCに変換します。後段に絶縁型高電圧入力 DC-DC コンバータを使用し、電源装置、分散電源システム（マルチ出力）を構成可能です。また、高電圧源を必要とする負荷でも使用可能で用途は様々です。 力率は0.98、電力変換効率は最大96.5%に達します。高効率によって1512W （Vin：170～265VAC）でフルブリックサイズ：61.0 × 12.7 × 116.8 ㎜（W × H × D）と既存製品に比べ43%のサイズダウンを実現しました。高効率・小型（業界最小サイズ）の特長は、お客様装置の電力消費量削減、小型化に貢献します。 機能はリモートON/OFFコントロール機能を使用し、ENA 信号を介して 後段のDC-DC コンバータを制御することができます。また、監視用等にインバータ動作モニター信号（I.O.G.信号）や外部信号用補助電源（AUX）も標準搭載しています。その他、並列運転も可能で大電力要求にお応えします。これら機能により、様々なアプリケーションに柔軟に対応します。 冷却方法は、放熱プレートまたはオプションの放熱器と外部FANを使用して伝導冷却することができます。 TDK株式会社（本社：東京）は、スマート社会における電子デバイスソリューションのリーディングカンパニーを目指しています。 独自の磁性素材技術をそのDNAとし、最先端の技術革新で未来を引き寄せ（Attracting Tomorrow）、社会の変革に貢献してまいります。 当社は各種エレクトロニクス機器において幅広く使われている電子材料の「フェライト」を事業化する目的で1935年に設立されました。主力製品は、積層セラミックコンデンサ、アルミ電解コンデンサ、フィルムコンデンサ、インダクタ、フェライトコア、高周波部品、ピエゾおよび保護部品等の各種受動部品をはじめ、温度、圧力、磁気、MEMSセンサなどのセンサおよびセンサシステムがあります。さらに、磁気ヘッドや電源、二次電池などです。これらの製品ブランドとしては、TDK、EPCOS、InvenSense、Micronas、Tronics、TDK-Lambdaがあります。 アジア、ヨーロッパ、北米、南米に設計、製造、販売のネットワークを有し、自動車、産業電子機器、コンシューマー製品、そして情報通信機器など幅広い分野においてビジネスを展開しています。2022年3月期の売上は約1兆9,000億円で、従業員総数は全世界で約117,000人です。 TDKラムダ株式会社は、信頼性・革新性の高い産業機器向け電源をグローバルに提供するリーディングカンパニーです。日本、中国、ヨーロッパ、アメリカ、アジアの世界5極に研究開発拠点を置き、開発・製造から販売・保守までのフルファンクション体制でお客さまのさまざまなニーズにお応えしていきます。詳細は、https://www.jp.lambda.tdk.com/ja/をご覧下さい。 Copyright(c) TDK-Lambda Corporation. All rights reserved. TDK logo is a trademark or registered trademark of TDK Corporation. PAGE TOP",7920067c4d42720057dd1560c005a763c315fdf6332f4f552d47b65603a28913,23/04/20,4585.0,4645.0,2,2,-0.166
23/04/27,"2023年4月27日 TDK株式会社（社長：齋藤　昇）は、TMR磁気センサの生産体制を強化するため、TDK浅間テクノ工場（長野県佐久市）の生産ラインを増強することを発表します。増産投資後の生産数量は2025年前半から現状比で月産約2倍の増産対応が可能となります。 当社の浅間テクノ工場は、従前よりTDKを代表する磁気技術の集積拠点であり、かつてHDD用磁気ヘッドのウェハ製造拠点でしたが事業転換を行いました。その結果、車載向け等のTMR磁気センサの製品化に成功し2014年から出荷を開始しております。 当社のTMR磁気センサは長年培った磁性技術、薄膜技術のノウハウが詰まった製品で、高精度・高信頼性・良好な温度特性を誇り、安定した動作を実現します。 そのため、精度、信頼性、安全性が求められる車載用センサとしての採用が進んでいます。 また、本センサは低消費電力のため、自動車だけでなく、ロボット、スマートフォンなどコンシューマー製品にも幅広く使用されています。最近では角度センサや電流センサとして主に車載向けの需要が増加しているほか、産業機器での需要も増加しつつあります。 このような市場背景もあり、車載向けを中心に、産機向けならびに民生機器向けの需要が急増している状況を受け、当社は過年度より増産体制を整えてきましたが、このたび、さらに中長期を見据えた需要増に対応するため、浅間テクノ工場内にて増産投資を決定しました。これにより、お客様からのより多くの需要に対応することが可能となります。今後とも「顧客基盤の拡大」、「アプリケーションの拡大」、「新製品のタイムリーな投入」をさらに加速、推進し、当社のセンサによってお客様の価値向上につながるよう努めてまいります。 TDK株式会社（本社：東京）は、スマート社会における電子デバイスソリューションのリーディングカンパニーを目指しています。 独自の磁性素材技術をそのDNAとし、最先端の技術革新で未来を引き寄せ（Attracting Tomorrow）、社会の変革に貢献してまいります。 当社は各種エレクトロニクス機器において幅広く使われている電子材料の「フェライト」を事業化する目的で1935年に設立されました。主力製品は、積層セラミックコンデンサ、アルミ電解コンデンサ、フィルムコンデンサ、インダクタ、フェライトコア、高周波部品、ピエゾおよび保護部品等の各種受動部品をはじめ、温度、圧力、磁気、MEMSセンサなどのセンサおよびセンサシステムがあります。さらに、磁気ヘッドや電源、二次電池などです。これらの製品ブランドとしては、TDK、EPCOS、InvenSense、Micronas、Tronics、TDK-Lambdaがあります。 アジア、ヨーロッパ、北米、南米に設計、製造、販売のネットワークを有し、自動車、産業電子機器、コンシューマー製品、そして情報通信機器など幅広い分野においてビジネスを展開しています。2022年3月期の売上は約1兆9,000億円で、従業員総数は全世界で約117,000人です。",5958e185502e67086d5bdd78d07410f126abadefede4e0595c214510e01ba456,23/04/27,4550.0,4560.0,2,2,-3.5
23/05/16,"2023年5月16日 TDK株式会社（社長：齋藤　昇）は、高透磁率（μ'）および低磁気損失（μ""）の近距離無線通信（NFC）用IFQ06を開発し、2023年5月より量産を開始したことを発表します。NFC用のIFQ06開発により、電磁シールド材「フレキシールド」のラインアップを拡充しました。IFQ06は、NFCアンテナコイルの背面に配置することで通信特性を向上させるとともに、NFC通信性能を著しく低下させるアンテナ周囲の金属の悪影響を非常に効果的に抑制できます。 NFC通信は電磁誘導を利用し、アンテナがリーダー・ライターから搬送波を受信することで、非接触でオンボードICチップの信号処理を行う技術です。近年、電子機器では小型化と多機能化が進み、より小型・薄型で高性能なアンテナが求められております。一方で、小型化された電子機器内部では、NFCアンテナが金属のシールドや回路基板の近傍に配置せざるを得ない場合もありますが、一般に金属で発生する渦電流による反作用磁界がNFC通信のための磁界を相殺してしまい、NFC通信に著しい悪影響を与えることが問題でした。このような場合、磁性シートをアンテナ背面（金属との間）に配置することで、金属で発生する渦電流を抑制してアンテナ特性を向上し、NFC通信特性を担保できることが知られています。 この度開発したIFQ06は、低磁気損失（μ""）を保ちつつ従来品より高い透磁率（μ'）であるため、より一層アンテナ特性向上が期待できるとともに、より薄型でも金属で発生する渦電流を抑制して通信特性を担保できることが期待されています。その結果として、より小型・薄型で高性能なアンテナの実現に寄与いたします。 IFQ06シリーズにおけるその他の利点： TDKのIFQ06フレキシブル磁性シート材では、ロール材、シート材、カスタムカットを用意しています。ロール材またはシート材は、プロトタイプ、少量生産、または広い面積をカバーする必要がある場合に理想的です。大量生産や自動組立の場合、要件に合わせたカスタムカットが可能です。 TDK株式会社（本社：東京）は、スマート社会における電子デバイスソリューションのリーディングカンパニーを目指しています。 独自の磁性素材技術をそのDNAとし、最先端の技術革新で未来を引き寄せ（Attracting Tomorrow）、社会の変革に貢献してまいります。 当社は各種エレクトロニクス機器において幅広く使われている電子材料の「フェライト」を事業化する目的で1935年に設立されました。主力製品は、積層セラミックコンデンサ、アルミ電解コンデンサ、フィルムコンデンサ、インダクタ、フェライトコア、高周波部品、ピエゾおよび保護部品等の各種受動部品をはじめ、温度、圧力、磁気、MEMSセンサなどのセンサおよびセンサシステムがあります。さらに、磁気ヘッドや電源、二次電池などです。これらの製品ブランドとしては、TDK、EPCOS、InvenSense、Micronas、Tronics、TDK-Lambdaがあります。 アジア、ヨーロッパ、北米、南米に設計、製造、販売のネットワークを有し、自動車、産業電子機器、コンシューマー製品、そして情報通信機器など幅広い分野においてビジネスを展開しています。2023年3月期の売上は約2兆1,800億円、従業員総数は全世界で約103,000人です。",538459c52d5c611f2597da2c85f7d8e56cfb96940917ebc41b63f17b69a0fe6d,23/05/16,4940.0,4905.0,1,2,2.1666
23/05/18,2023年5月18日 TDK株式会社（社長：齋藤昇）は、以下の通り人事異動を決定いたしましたので、ご案内申し上げます。 1. 発令日2023年6月1日 ■ 役職変更 以上,342dfb91c2582bcdf7013db513d5a4cd383d5946e3196aed747a56e4376f4647,23/05/18,5060.0,5140.0,2,2,-2.0
23/05/19,"2023年5月19日 TDK株式会社（以下「当社」）は、2023年5月19日開催の取締役会において、当社の連結子会社でコーポレートベンチャーキャピタル（以下「CVC」）活動を担うTDK Ventures Inc.（米国カリフォルニア州、以下「TDK Ventures」）、及び当社の連結子会社で二次電池の製造、販売を行っておりますAmperex Technology Limited（中国香港特別行政区、以下「ATL」）の両社からの出資により、脱炭素社会の推進に貢献するEX（エネルギートランスフォーメーション）関連事業の創出と新規技術の獲得を目的としたCVCファンド（Fund EX1, L.P.、以下「CVCファンド」）を米国にて設立することを決議いたしましたので、下記のとおりお知らせいたします。 記 当社は磁性素材技術をベースに電子部品事業を中核事業としておりますが、近年ではEX（エネルギートランスフォーメーション）とDX（デジタルトランスフォーメーション）を中心とした新たな市場の潮流をつかみ、持続的な企業価値の向上を目指すべく事業を展開しております。中でも当社の中核事業の一つである二次電池事業は、ATLを主体に事業が拡大しており、得意とする小型電池では市場競争力の向上に注力し、また、家庭用蓄電池向けなどの中型電池事業では「Contemporary Amperex Technology Co., Limitedとの業務提携及び合弁会社の設立」（2021年4月28日開示済）を通じ、よりスピーディーかつ効率的な事業拡大を図っております。 このような中、脱炭素に貢献するスタートアップ企業への資金提供や当該企業との事業提携を行うことにより、当社グループのEX関連事業のさらなる成長に繋がる革新的なエコシステムを構築するため、米国にCVCファンドを設立することといたしました。 なお、当社は2019年5月に技術開発を加速し、成長戦略を強化するため、アーリーステージのスタートアップ企業に投資を行うCVC子会社TDK Venturesを設立し、以降今日に至るまで29の出資を実施し、将来の成長に繋がるポートフォリオを構築してまいりました。今回のCVCファンド設立後の運用についてもこれらの知見を活かしてまいります。 *CVCファンドは、設立以降（2023年6月以降）に受入出資額が当社の資本金の額の100分の10以上に相当し、当社の特定子会社となる可能性があります。 CVCファンド設立による2024年3月期決算への影響は軽微であります。 （参考）当期連結業績予想（2023年4月28日公表分）及び前期連結実績 （単位：百万円）",453acb8c204ae6c6604a0ba2f2886cad943d2947c7b56424602431ba4e100523,23/05/19,5240.0,5160.0,1,1,-2.166
23/05/23,"2023年5月23日 TDK株式会社（社長：齋藤　昇）は、マテリアルズ・インフォマティクス（MI）推進の一環として、独自のAIデータ分析プラットフォーム「Aim」を開発し、2023年4月より社内運用を開始したことを発表します。 当社は独自の材料技術を磨き上げることで、受動部品をはじめとする各製品の材料開発のためのデータ解析技術を蓄積してまいりました。その一方で、その技術は各事業部や各部署の中で蓄積され、全社に展開する点において課題がありました。 近年、AIやビッグデータを活用し、材料開発を高効率化するMIが世界的に注目を集めています。当社でも2013年からMIの取り組みを開始し、磁石材料開発や、誘電体材料開発への適用などを進めるとともに、Aimの開発を2018年から開始しました。 Aimは、各部署に蓄積されたデータ解析技術を誰にでも使いやすいように広く全社に展開すること、AIやビッグデータ活用で必要となる良質なデータを集積すること等を目的として開発した独自のAIデータ分析プラットフォームです。 2019年以降、Aimを日本国内で試験的に導入し、材料の画像解析において高速・高精度な解析に活用してきたほか、MIでの本格導入に向けて機能拡充を進めてきました。 このたび、データ解析やデータベース等の機能拡充を実施し、MIを活用する仕組みが整ったことから、MIにおけるAimの運用を2023年4月から開始しました。当初は国内の研究部門で運用し、その後は国内外の各拠点に広く展開していく予定です。運用を通じて効果を検証しながら、今後もより効率的なMIの仕組みづくりを継続してまいります。 「Aim」の運用等により材料開発に係る社内DXを進め、TDKにおけるMI推進を加速することにより、当社独自の材料技術を継続的に進化させ、価値ある技術と製品を提供してまいります。 TDK株式会社（本社：東京）は、スマート社会における電子デバイスソリューションのリーディングカンパニーを目指しています。 独自の磁性素材技術をそのDNAとし、最先端の技術革新で未来を引き寄せ（Attracting Tomorrow）、社会の変革に貢献してまいります。 当社は各種エレクトロニクス機器において幅広く使われている電子材料の「フェライト」を事業化する目的で1935年に設立されました。主力製品は、積層セラミックコンデンサ、アルミ電解コンデンサ、フィルムコンデンサ、インダクタ、フェライトコア、高周波部品、ピエゾおよび保護部品等の各種受動部品をはじめ、温度、圧力、磁気、MEMSセンサなどのセンサおよびセンサシステムがあります。さらに、磁気ヘッドや電源、二次電池などです。これらの製品ブランドとしては、TDK、EPCOS、InvenSense、Micronas、Tronics、TDK-Lambdaがあります。 アジア、ヨーロッパ、北米、南米に設計、製造、販売のネットワークを有し、自動車、産業電子機器、コンシューマー製品、そして情報通信機器など幅広い分野においてビジネスを展開しています。2023年3月期の売上は約2兆1,808億円で、従業員総数は全世界で約103,000人です。",0e0c54c39ff0adf534955d3a7936c5b163b2bf202449d131ab4cafb282610708,23/05/23,5300.0,5240.0,1,1,2.8333
23/05/30,"2023年5月30日 TDK株式会社（社長：齋藤　昇）はTDK-Lambdaブランドの直流安定化電源（プログラマブル）GENESYS+シリーズに新たに7.5kWモデルを追加したことを発表します。TDKラムダ株式会社（社長：八鳥　佐内）が5月より7.5kWモデルの量産出荷を開始します。 GENESYS+シリーズは、高電力密度化、高性能化を実現した直流安定化電源（プログラマブル）です。最大効率90%以上の高効率設計によって、環境負荷低減に貢献します。また、出力電圧・電流の低リップル化や高速応答、高精度により、要求の厳しい評価試験にも対応可能です。さらに、豊富な通信インターフェース、定電力制御、国際的な安全規格などを標準で装備しております。7.5kWモデルは出力電圧1000V、1500Vのラインアップを揃え、多様なお客様のニーズにお応えします。高さは1Uであり、従来のモデルよりも電力密度が高く（従来は1U で5kW）、2023年夏リリース予定の大容量拡張モデルGSPL15kWモデルは高さ2U、GSPL22.5kWモデルは高さ3Uを実現。いずれも業界最小クラスのサイズを誇り、装置内あるいは設置スペース削減に貢献します。 ※出力電圧　30V、60V、80V、200V、300V、1000Vは2023年夏リリース予定 TDK株式会社（本社：東京）は、スマート社会における電子デバイスソリューションのリーディングカンパニーを目指しています。 独自の磁性素材技術をそのDNAとし、最先端の技術革新で未来を引き寄せ（Attracting Tomorrow）、社会の変革に貢献してまいります。 当社は各種エレクトロニクス機器において幅広く使われている電子材料の「フェライト」を事業化する目的で1935年に設立されました。主力製品は、積層セラミックコンデンサ、アルミ電解コンデンサ、フィルムコンデンサ、インダクタ、フェライトコア、高周波部品、ピエゾおよび保護部品等の各種受動部品をはじめ、温度、圧力、磁気、MEMSセンサなどのセンサおよびセンサシステムがあります。さらに、磁気ヘッドや電源、二次電池などです。これらの製品ブランドとしては、TDK、EPCOS、InvenSense、Micronas、Tronics、TDK-Lambdaがあります。 アジア、ヨーロッパ、北米、南米に設計、製造、販売のネットワークを有し、自動車、産業電子機器、コンシューマー製品、そして情報通信機器など幅広い分野においてビジネスを展開しています。2023年3月期の売上は約2兆1,800億円、従業員総数は全世界で約103,000人です。 TDKラムダ株式会社は、信頼性・革新性の高い産業機器向け電源をグローバルに提供するリーディングカンパニーです。日本、中国、ヨーロッパ、アメリカ、アジアの世界5極に研究開発拠点を置き、開発・製造から販売・保守までのフルファンクション体制でお客さまのさまざまなニーズにお応えしていきます。詳細は、https://www.jp.lambda.tdk.com/ja/をご覧下さい。 Copyright(c) TDK-Lambda Corporation. All rights reserved. TDK logo is a trademark or registered trademark of TDK Corporation. PAGE TOP",02ac48280157fb8d36149dc75808291a60ec615fc5e42a9ce51a6c882dd08539,23/05/30,5380.0,5450.0,2,2,1.1666
23/06/14,2023年6月14日 TDK株式会社（社長：齋藤昇）は、以下の通り人事異動を決定いたしましたので、ご案内申し上げます。 1. 発令日2023年7月1日 ■ 役職変更 以上,4e66d97dd32216c8ec67eb72a91f6d43dbe775489173b0989f52b54312a4a51c,23/06/14,5628.0,5628.0,0,2,-2.833
23/06/27,"2023年6月27日 TDK株式会社（社長：齋藤　昇）は、高速インターフェース差動伝送向けのノイズ対策用コモンモードフィルタ「TCM0403Tシリーズ」（L0.45mm×W0.3mm×H0.23mm)を開発し、2023年6月より量産を開始したことを発表します。 近年、デジタル電子機器の高機能化・多機能化に伴い、伝送信号の高速化が進んでいます。機器から輻射されるノイズも必然的に高周波となり、他デバイスへの影響や通信劣化を招きます。 今回ラインナップしたTCM0403T-200-2P-T210とTCM0403T-080-2P-T210の2製品は、ディファレンシャル挿入損失のカットオフ周波数が8GHz以上あり、転送速度は最大12Gbpsレベルまで対応可能です。ノイズ対策での指標で重要となるコモンモード減衰量は従来製品より特性が向上し、前者の製品で42dB＠2.4GHz、後者の製品で34dB @5.0GHzと高周波帯域での高い減衰特性を実現しております。コイル導体パターンはTDKの磁気ヘッドで培った技術を応用した薄膜工法による独自のファインパターン化設計で、業界最小サイズを実現したことにより、機器の小型、薄型、軽量化に貢献します。 今後もさらに高速化する差動伝送ラインにおける輻射ノイズや外来ノイズの対策に向けて、無線通信システムの品質向上に貢献する小型薄膜コモンモードフィルタの開発とサービスに努めて参ります。 TDK株式会社（本社：東京）は、スマート社会における電子デバイスソリューションのリーディングカンパニーを目指しています。 独自の磁性素材技術をそのDNAとし、最先端の技術革新で未来を引き寄せ（Attracting Tomorrow）、社会の変革に貢献してまいります。 当社は各種エレクトロニクス機器において幅広く使われている電子材料の「フェライト」を事業化する目的で1935年に設立されました。主力製品は、積層セラミックコンデンサ、アルミ電解コンデンサ、フィルムコンデンサ、インダクタ、フェライトコア、高周波部品、ピエゾおよび保護部品等の各種受動部品をはじめ、温度、圧力、磁気、MEMSセンサなどのセンサおよびセンサシステムがあります。さらに、磁気ヘッドや電源、二次電池などです。これらの製品ブランドとしては、TDK、EPCOS、InvenSense、Micronas、Tronics、TDK-Lambdaがあります。 アジア、ヨーロッパ、北米、南米に設計、製造、販売のネットワークを有し、自動車、産業電子機器、コンシューマー製品、そして情報通信機器など幅広い分野においてビジネスを展開しています。2023年3月期の売上は約2兆1,800億円、従業員総数は全世界で約103,000人です。",947e12aaafe85a4d5ea0bb66bd27a886ae050c08f63ee85bb641cae93050ca40,23/06/27,5390.0,5368.0,1,1,-2.833
23/07/03,"2023年7月3日 TDK株式会社（社長：齋藤　昇）は、6月30日に設立した健康経営®アライアンスに参画いたしましたのでお知らせいたします。 健康経営アライアンスは、「社員の健康をつうじた日本企業の活性化と健保の持続可能性の実現」というビジョンに共感する148の企業・団体（6月30日時点）が活動する組織です。健康経営アライアンスでは、企業と健保が連携したコラボヘルスの推進を通じて、データドリブンの課題特定と解決策の実行、各種施策の評価を行っていきます。また、データヘルス計画に基づくPDCAサイクルの着実な遂行を通じて、健康経営の型づくりと成果創出のためのソリューションの共創および産業界への実装を実現していきます。 当社は、チームメンバー（従業員）全員で「クオリティ」の向上に取り組んでいます。クオリティとは製品のみならず、安全、働き方、法令遵守など全てにおいてのクオリティです。クオリティ向上への取り組みが、一人ひとりの成長につながり、その合計が会社の価値になると考えています。そして、全てのクオリティの向上は「人」=チームメンバーによってのみ実現可能であり、その前提として、チームメンバーの一人ひとりの心身のクオリティは最も重要な経営課題のひとつと認識しています。 多様なチームメンバーとその家族が心身ともにいきいきと健康クオリティを高めることをより具体的にサポートしていくために、当社はこのたび、健康経営アライアンスへの参画を決定いたしました。 当社は健康経営アライアンスへの参画を通じて、健康に関する様々なデータを活用し、会社としてチームメンバーの健康管理、増進を積極的にサポートしていきます。 健康経営の取り組みと成果が適正に評価され、企業価値向上に資する健康経営のKPIを設計します。 健診・レセプトデータの分析結果や従業員アンケート等の分析結果を活用し、健康課題の特定と可視化に資する「健康経営アセスメント」の枠組みを検討中です。会員皆様の健保・労務担当者様とのコラボヘルス促進の一助を目指します。 健康経営の成果創出に必要な各種ソリューションの情報を蓄積します。参画企業・団体のソリューション導入経験、効果検証結果をもとにデータベースを構築し、自社の課題に合ったソリューション選定の判断材料を共有します。1社では限定的なトライ&エラーを、多くの企業・団体による集合知で、解決策の実行に関するラーニングスピードを高めていきます。 経営層、人事・健保実務担当者向けに、健康経営に関するリテラシー、スキルを高めるための勉強会／セミナーを開催します。 （テーマ例） （1）人的資本経営における健康経営の取り組み （2）健康経営におけるデータ活用 （3）健康経営を浸透する企業文化の醸成と従業員への働きかけ （4）課題解決に向けた企業の実践事例 【代表幹事企業・会員企業・団体】 URL：https://kenkokeiei-alliance.com/ 「健康経営®」は、NPO法人健康経営研究会の登録商標です。 TDK株式会社（本社：東京）は、スマート社会における電子デバイスソリューションのリーディングカンパニーを目指しています。 独自の磁性素材技術をそのDNAとし、最先端の技術革新で未来を引き寄せ（Attracting Tomorrow）、社会の変革に貢献してまいります。 当社は各種エレクトロニクス機器において幅広く使われている電子材料の「フェライト」を事業化する目的で1935年に設立されました。主力製品は、積層セラミックコンデンサ、アルミ電解コンデンサ、フィルムコンデンサ、インダクタ、フェライトコア、高周波部品、ピエゾおよび保護部品等の各種受動部品をはじめ、温度、圧力、磁気、MEMSセンサなどのセンサおよびセンサシステムがあります。さらに、磁気ヘッドや電源、二次電池などです。これらの製品ブランドとしては、TDK、EPCOS、InvenSense、Micronas、Tronics、TDK-Lambdaがあります。 アジア、ヨーロッパ、北米、南米に設計、製造、販売のネットワークを有し、自動車、産業電子機器、コンシューマー製品、そして情報通信機器など幅広い分野においてビジネスを展開しています。2022年3月期の売上は約1兆9,000億円で、従業員総数は全世界で約117,000人です。",1dc1847dc74229361dea266db04c98a8d64b63cb94e47b01b410e8b17ba8c355,23/07/03,5641.0,5750.0,2,2,4.3333
23/07/05,"2023年7月5日 TDK株式会社（社長：齋藤　昇）は、東北電力株式会社をはじめとする国内電力会社から購入する電力を再生可能エネルギー由来とする取組みを進めてまいりましたが、2023年7月1日より国内全製造拠点の電力の100%を再生可能エネルギー由来といたします。 当社は2025年度までにグループ全体における総電力使用量に占める再生可能エネルギーの比率を50%以上とする目標を掲げていますが、今回の取組みにより、2023年7月時点で国内外における生産開発拠点（対象拠点数：81拠点）のうち44拠点が再生可能エネルギー由来の電力100%での操業となり、再生可能エネルギー導入率は約40%となります。 加えて、国外の製造拠点においても以下のような取組みを進めております。 今後も、国内外の製造拠点において再生可能エネルギーの更なる導入を進め、2050年までに使用電力の100％を再生可能エネルギーに転換することを目指すことにより、持続可能な社会の実現へ貢献してまいります。 環境方針・環境ビジョン https://www.tdk.com/ja/sustainability2022/environmental_responsibility/policy-vision TDK株式会社（本社：東京）は、スマート社会における電子デバイスソリューションのリーディングカンパニーを目指しています。 独自の磁性素材技術をそのDNAとし、最先端の技術革新で未来を引き寄せ（Attracting Tomorrow）、社会の変革に貢献してまいります。 当社は各種エレクトロニクス機器において幅広く使われている電子材料の「フェライト」を事業化する目的で1935年に設立されました。主力製品は、積層セラミックコンデンサ、アルミ電解コンデンサ、フィルムコンデンサ、インダクタ、フェライトコア、高周波部品、ピエゾおよび保護部品等の各種受動部品をはじめ、温度、圧力、磁気、MEMSセンサなどのセンサおよびセンサシステムがあります。さらに、磁気ヘッドや電源、二次電池などです。これらの製品ブランドとしては、TDK、EPCOS、InvenSense、Micronas、Tronics、TDK-Lambdaがあります。 アジア、ヨーロッパ、北米、南米に設計、製造、販売のネットワークを有し、自動車、産業電子機器、コンシューマー製品、そして情報通信機器など幅広い分野においてビジネスを展開しています。2023年3月期の売上は約2兆1,800億円、従業員総数は全世界で約103,000人です。",29390f7d860b188583e87c4e5e7770fd507218d732dff25e49a8836a655a6f48,23/07/05,5710.0,5711.0,2,2,3.8333
23/07/20,"TDK Worldwide Customer's Login 2023年7月20日 TDK株式会社（社長：齋藤 昇）は、フェーズ当たりのピーク電流が2Aまでのモーターを制御できるコントローラIC HVC 5223Cを発表し、MicronasブランドのLin付組み込みコントローラのラインナップを更に拡張しました。当該製品は、車載用半導体IC用認定基準の温度グレード1を満たしており、小型ブラシ付きモーター（BDC）及びブラシレスモーター（BLDC）制御用に設計されています。パッケージもコンパクトな 5×5 mmのQFN24ピンで提供します。すでにプレスリリース済のフェーズ当たりピーク電流１A対応品であるHVC 5222Cともピンの互換性があります。 HVC 5222CとHVC 5223Cは、ピークフェーズ電流1Aと2Aモーターを駆動できる機能に加えて、位相コンパレータ、仮想スタートポイント、電流検出アンプ等、多数のモーター専用アナログ及びデジタルの特性を用いることによって、モーターのセンサ付き制御及びセンサーレス制御のどちらもサポートし、一台のBLDCモーター、又は2台のHブリッジ制御BDCモーター及びその他様々な負荷を駆動することが出来ます。 HVC 4xシリーズにHVC 5xシリーズが加わったことで、TDKのHVC組み込みコントローラICシリーズは7つの品番まで拡充されました。3～6つの出力ピンとピン当たり500 mA～2Aのピーク電流を供給でき、多種多様な仕様とアプリケーションに対応可能です。さらに、32 KB または 64 KB フラッシュメモリのオプションも提供しています。すべてのデバイスに、32 bit, ARM® Cortex®-M3 CPU コア、12 bit 1 us ADCを採用しており、精度の良いセンシングと測定を求めるアプリケーションに適しています。また、通信及びBMS方式を使用したオートアドレッシング* 機能用LINトランシーバーとLIN UARTも組み込み、汎用性を高めました。 HVCコントローラシリーズのすべてのデバイスが車載用半導体IC向け規格AEC-Q100のグレード1に従って認定されており、HEV/EVのサーマルシステムをはじめとする小型、コンパクトなアクチュエータ向けの最適なソリューションとなります。**AEC-Q100に従った認定により、HVC 5223Cは高いレベルの品質と信頼性が担保され、自動車及び産業機器向けに安心してお使い頂ける選択肢となります。 用語集 主な用途**  主要データ*** * IP-Notice: LIN オートアドレッシング機能をご使用される場合、他社特許EP 1490 772 Bを考慮する必要がある。 ** 当社製品にて言及したすべての対象アプリケーションは、実現目的/機能への適合性を主張しなく、システムでのご検証が必要となる。 *** すべての動作パラメータは、実際のアプリケーションごとにお客様にてご検証いただく必要があります。  TDK株式会社についてTDK株式会社（本社：東京）は、スマート社会における電子デバイスソリューションのリーディングカンパニーを目指しています。 独自の磁性素材技術をそのDNAとし、最先端の技術革新で未来を引き寄せ（Attracting Tomorrow）、社会の変革に貢献してまいります。 当社は各種エレクトロニクス機器において幅広く使われている電子材料の「フェライト」を事業化する目的で1935年に設立されました。主力製品は、積層セラミックコンデンサ、アルミ電解コンデンサ、フィルムコンデンサ、インダクタ、フェライトコア、高周波部品、ピエゾおよび保護部品等の各種受動部品をはじめ、温度、圧力、磁気、MEMSセンサなどのセンサおよびセンサシステムがあります。さらに、磁気ヘッドや電源、二次電池などです。これらの製品ブランドとしては、TDK、EPCOS、InvenSense、Micronas、Tronics、TDK-Lambdaがあります。 アジア、ヨーロッパ、北米、南米に設計、製造、販売のネットワークを有し、自動車、産業電子機器、コンシューマー製品、そして情報通信機器など幅広い分野においてビジネスを展開しています。2023年3月期の売上は約2兆1,800億円、従業員総数は全世界で約103,000人です。 製品の詳細情報は https://www.micronas.tdk.com/en/products/embedded-motor-controllers/hvc-5x からご参照できます。 引き続き電子メールで情報更新をさせて頂きます、本サービスは記者のみが対象となりますのでご承知ください。 フォローする Privacy PolicyCookie PolicyTerms of UseImprintCookie settings © TDK-Micronas GmbH 2020 TDK logo is a trademark or registered trademark of TDK Corporation.",46f9b821bc6ed4ef55ada63a4973f421610dc2b576a17f417e5d1d7b013548e1,23/07/20,5453.0,5373.0,1,1,-1.5
23/07/31,"2023年7月31日 TDK株式会社（社長：齋藤 昇、以下「当社」）は、2023年8月以降に総額1,000億円を上限とする長期資金調達を計画しております。調達手法はグリーンボンドの発行（以下、本発行）およびサステナビリティ・リンク・ローンの調達（以下、本SLL）とする予定であり、本日、本発行に向けた社債の訂正発行登録書を関東財務局長に提出致しましたことをお知らせします。 当社グループは、2015年に、創業100周年に向けた企業ビジョン「Vision2035」を策定しました。Vision2035では、「かけがえのない地球環境の再生・保護と、豊かで安心できる暮らしの実現」に真正面から取り組むことで、社是「創造によって文化、産業に貢献する」を着実に果たしていくことを掲げています。2016年には、企業ビジョン「Vision2035」を受けて、2035年におけるTDKのあるべき姿を「自然の循環を乱さない環境負荷で操業すること」と定義づけ、「ライフサイクル的視点でのCO2排出原単位を2035年までに半減」することを掲げた「TDK環境ビジョン2035」を策定しました。 今般、新たにTDK株式会社サステナブルファイナンス・フレームワークを策定し、「TDK環境ビジョン2035」の実現に向けての取り組みが反映されるSustainability Performance Targets（以下、SPTs）を設定したサステナビリティ・リンク・ファイナンスと、製品によるCO2排出削減を実現する資金使途を特定するグリーンファイナンスを活用し、「TDK環境ビジョン2035」の実現および「Social Value（社会的価値）」、「Commercial Value（成長戦略）」、「Asset Value（資本効率）」の3つの「Value」の更なる向上に向けた資金調達基盤を確立するとともに、持続的な企業価値の向上を図っていきます。また、これらのファイナンスを通じて、お客さまに満足いただけるソリューションを提供し、期待を超える体験を提供する「2CX（Customer Experience, Consumer Experience）の実現」に向けて、EXとDXの分野で貢献し、持続可能な社会のための価値を創造していきます。 当社は、本発行および本SLLの調達にあたり、国際資本市場協会（ICMA）の「グリーンボンド原則2021」および「サステナビリティ・リンク・ボンド原則2023」、ローン・マーケット・アソシエーション（LMA）等の「グリーンローン原則2023」および「サステナビリティ・リンク・ローン原則2023」、環境省の「グリーンボンド及びサステナビリティ・リンク・ボンドガイドライン2022年版」および「グリーンローン及びサステナビリティ・リンク・ローンガイドライン2022年版」に則り、「TDK株式会社サステナブルファイナンス・フレームワーク※4（以下、「本フレームワーク」）」を策定しました。 本フレームワークは、第三者評価機関である株式会社格付投資情報センターより、資金使途を特定するグリーンファイナンス（社債およびローン等）、ならびに資金使途を特定しないサステナビリティ・リンク・ファイナンス（社債およびローン等）の発行および調達に係る各種基準に適合する旨のセカンド・パーティー・オピニオン※5を取得しています。 TDK株式会社（本社：東京）は、スマート社会における電子デバイスソリューションのリーディングカンパニーを目指しています。 独自の磁性素材技術をそのDNAとし、最先端の技術革新で未来を引き寄せ（Attracting Tomorrow）、社会の変革に貢献してまいります。 当社は各種エレクトロニクス機器において幅広く使われている電子材料の「フェライト」を事業化する目的で1935年に設立されました。主力製品は、積層セラミックコンデンサ、アルミ電解コンデンサ、フィルムコンデンサ、インダクタ、フェライトコア、高周波部品、ピエゾおよび保護部品等の各種受動部品をはじめ、温度、圧力、磁気、MEMSセンサなどのセンサおよびセンサシステムがあります。さらに、磁気ヘッドや電源、二次電池などです。これらの製品ブランドとしては、TDK、EPCOS、InvenSense、Micronas、Tronics、TDK-Lambdaがあります。 アジア、ヨーロッパ、北米、南米に設計、製造、販売のネットワークを有し、自動車、産業電子機器、コンシューマー製品、そして情報通信機器など幅広い分野においてビジネスを展開しています。2023年3月期の売上は約2兆1,800億円、従業員総数は全世界で約103,000人です。",e0cf4364bc691764918d3712b77679cd35b2635b094faf26bc60346c0d6e4893,23/07/31,5395.0,5437.0,2,2,0.0
23/08/02,2023年8月2日 TDK株式会社（以下、「当社」）は、2023年4月28日に公表しました2024年3月期の通期連結業績予想を下記のとおり修正しましたので、お知らせいたします。 記 当社が現在入手している情報に基づきますと、第2四半期以降はICT関連デバイスの生産台数が、期初想定に対して減少が見込まれます。特にデータセンター向けHDDの生産台数は、大幅な減少が想定されています。また、自動車市場向け受動部品は、一部顧客における部品在庫の調整等により需要動向に変化が見られます。これらを勘案し、受注見込みを見直した結果、主にHDD用ヘッド及びサスペンション、受動部品の販売が期初想定を下回る見込みとなりました。こうした状況を踏まえ、前回発表予想を上記１．のとおり修正いたします。 なお、2024年3月期の中間配当及び期末配当予想につきましては、当初予定から変更ありません。 （注）上記の業績予想及び配当予想は、当社が現在入手している情報に基づき作成したものであり、実際の業績や配当額は様々な要因によって予想数値と異なる可能性があります。,4e0a1bbbbcb710ded3b4b6fc62bc58f11bf33a654d20a76fa799485f57d74d25,23/08/02,5511.0,5446.0,1,1,1.5
23/08/02,"2023年8月2日 TDK株式会社（以下、「当社」という。）は、2023年8月2日開催の取締役会において、事後交付型株式報酬として自己株式の処分（以下、「本自己株処分」という。）を行うことについて決議いたしましたので、下記のとおりお知らせいたします。 記 当社は、2020年6月23日開催の第124回定時株主総会において、当社の取締役（社外取締役を除く。以下、「対象取締役」という。）が株価変動のメリットとリスクを株主の皆様と共有し、中期業績向上及び企業価値向上への貢献意欲を従来以上に高めることを目的として、対象取締役に対し、事後交付型株式報酬制度（以下、「本制度」という。）を導入すること、具体的にはリストリクテッド・ストック・ユニット（以下、「RSU」という。）及びパフォーマンス・シェア・ユニット（以下、「PSU」という。）とすることにつき、ご承認をいただいております。 当社は、本日開催の取締役会において、2021年3月期に付与したRSUが権利確定することに伴い、割当予定先である対象取締役6名（退任者2名を含む。）及び執行役員14名（退任者8名を含む。）（以下、「割当対象者」という。）に対し、金銭報酬債権合計144,855,000円を支給し、割当対象者が当該金銭報酬債権の全部を現物出資の方法によって給付することにより、当社普通株式26,100株を割り当てることを決議いたしました。 （１）RSUの概要 本制度に基づき付与されるRSUは、中期経営計画初年度の初日から最終年度の末日までの3年間（または3年以上で当社取締役会が定める期間。以下、「対象期間」という。）の継続勤務を条件に、事前に定める当社普通株式及び金銭を、対象期間終了後に交付する類型の継続勤務発行型株式報酬です。 （２）交付株式数及び支給金額並びに金銭報酬債権額の算定方法 当社は、以下の計算式に基づき、対象取締役及び当社の執行役員に支給する当社普通株式の数及び金銭の額を算定いたします。 ①各対象取締役及び当社の各執行役員に支給する当社普通株式の数 （基準金額（※1）÷付与時株価（※2））×50％ 計算の結果生じる100株未満の端数は、100株単位に切上げます。 ②各対象取締役及び当社の各執行役員に支給する金銭の額 ｛（基準金額（※1）÷付与時株価（※2））－上記①で算定された当社普通株式の数｝×交付時株価（※3） 計算の結果生じる1円未満の端数は、1円単位に切上げます。 各対象取締役及び当社の各執行役員に支給する金銭報酬債権額は、以下の計算式に基づき算定いたします。 金銭報酬債権額＝上記①×交付時株価（※3）＋上記② ※1 基準金額は、各対象取締役及び当社の各執行役員の職責の大きさに応じて、当社取締役会において対象取締役及び当社の執行役員ごとに決定されます。 ※2 付与時株価は、付与年における定時株主総会開催日の前日を起算日とする前1か月間の株式会社東京証券取引所における当社普通株式の終値の平均額といたします。 ※3 交付時株価は、本制度に基づき交付する株式の発行または処分に係る当社取締役会決議の日の前営業日における株式会社東京証券取引所における当社普通株式の終値（同日に取引が成立していない場合は、それに先立つ直近取引日の終値）といたします。 （３）交付要件 本制度においては、対象期間が終了し、以下の要件を満たした場合には、対象取締役及び当社の執行役員に対して当社普通株式の交付及び金銭の支給を行います。当社普通株式の交付は、当社による株式発行または自己株式処分の方法により行われ、対象取締役及び当社の執行役員のうち実際の交付対象者及び当該株式発行または自己株式処分に係る募集事項は、対象期間経過後の当社取締役会において決定いたします。 ①対象期間中に対象取締役または当社の執行役員が継続して当社もしくは当社子会社の取締役または執行役員のいずれかの地位にあったこと ②当社取締役会で定める一定の非違行為がなかったこと ③その他本制度の趣旨を達成するために必要なものとして当社取締役会が定める要件 本自己株処分における処分価額につきましては、恣意性を排除した価格とするため、当社取締役会決議日の直前営業日（2023年8月1日）の東京証券取引所における当社普通株式の終値である5,550円としております。これは、当社取締役会決議日直前の市場株価であり、合理的かつ特に有利な価額には該当しないものと考えております。 本自己株式処分は、①希薄化率が 25％未満であること、②支配株主の異動に伴うものではないことから、東京証券取引所の定める上場規程第432条に定める独立第三者からの意見入手および株主の意思確認手続きは要しません。",4837d475f1e7596992726460843a56372818237ae9bbf4572cb2f4fde365c158,23/08/02,5511.0,5446.0,1,1,1.5
23/08/02,2023年8月2日 TDK株式会社（社長：齋藤　昇）は、以下の通り人事異動を決定いたしましたので、ご案内申し上げます。 1. 発令日2023年10月1日 ■ 役員の委嘱変更 ■ 役職変更 以上,f8aa8729c4bbc75b3bec22b974ac3c06ed4c8c4616bb1c4db0c99a430750752b,23/08/02,5511.0,5446.0,1,1,1.5
23/08/09,"2023年8月9日 TDK株式会社（社長：齋藤　昇）は、8月19日から27日までハンガリー・ブダペストにて開催される第19回世界陸上競技選手権大会（以下、世界陸上）にオフィシャルパートナーとして協賛します。当社は1983年の第1回ヘルシンキ大会から世界陸上をサポートし、19回目となる本大会は、オフィシャルパートナーとして記念すべき40周年を迎えます。記録と自己へのあくなき挑戦を続け、未来をひきよせようとしているアスリートへの支援をしたいという思いと、独自の技術で未来をひきよせるテクノロジーを生み出し、社会に貢献していくTDKの姿勢のもと、世界陸上の協賛を続けています。 本大会では、オリンピックを超える200以上の国と地域から選抜されたトップアスリート達、総勢約2,000名が大会期間中に合計49種目を競う予定です。世界陸上は陸上選手にとってオリンピックに並ぶ価値を持ち、これまでも数々の世界新記録の樹立や名勝負が生まれてきました。自己の極限にチャレンジする世界の選手達をTDKはこれからも応援してまいります。 URL: https://www.youtube.com/watch?v=w9b_sd4pXUQ TDK株式会社（本社：東京）は、スマート社会における電子デバイスソリューションのリーディングカンパニーを目指しています。 独自の磁性素材技術をそのDNAとし、最先端の技術革新で未来を引き寄せ（Attracting Tomorrow）、社会の変革に貢献してまいります。 当社は各種エレクトロニクス機器において幅広く使われている電子材料の「フェライト」を事業化する目的で1935年に設立されました。主力製品は、積層セラミックコンデンサ、アルミ電解コンデンサ、フィルムコンデンサ、インダクタ、フェライトコア、高周波部品、ピエゾおよび保護部品等の各種受動部品をはじめ、温度、圧力、磁気、MEMSセンサなどのセンサおよびセンサシステムがあります。さらに、磁気ヘッドや電源、二次電池などです。これらの製品ブランドとしては、TDK、EPCOS、InvenSense、Micronas、Tronics、TDK-Lambdaがあります。 アジア、ヨーロッパ、北米、南米に設計、製造、販売のネットワークを有し、自動車、産業電子機器、コンシューマー製品、そして情報通信機器など幅広い分野においてビジネスを展開しています。2023年3月期の売上は約2兆1,800億円、従業員総数は全世界で約103,000人です。 本文および関連する画像はhttps://www.tdk.com/ja/news_center/press/20230809_01.html からダウンロードできます。",ea32c631537ab26eff0dc3fb91779925c8815820b8381e4e0a8c8f4768c215fa,23/08/09,4975.0,5021.0,2,1,4.3333
23/08/23,"2023年8月23日 TDK株式会社（社長：齋藤　昇）は、『第19回世界陸上競技選手権BUDAPEST2023』の男女混合4×400mリレーにおいて、従来の世界記録を上回る世界新記録を出した米国チームに対し、World Athletics（以下WA）オフィシャルパートナーとして「World Record（ワールドレコード）」賞の5万USドルを贈りました。 現地時間8月20日（日）、競技終了翌日に行われた表彰式において、TDKの社名入り5万USドルの小切手のレプリカが、社長の齋藤　昇より同チームに贈呈されました。 「創造によって文化、産業に貢献する」という社是をもつ当社は、「陸上競技の育成と普及を通じ豊かな社会づくりに貢献する」というWAの理念に賛同し、1983年の『第1回世界陸上ヘルシンキ大会』からWAオフィシャルパートナーとして協賛し、世界新記録が樹立された場合に、「World Record (ワールドレコード)」の賞金として、1997年アテネ大会からは、男子種目においてはその種目の競技者に10万USドルを、2019年ドーハ大会からは、男女混合種目においてはその種目の競技者に5万USドルを贈るスポンサー権利を有し、WAから贈呈される5万USドルを合わせて競技者には10万USドルが贈呈されます。過去、当社が贈呈した世界新記録の賞金は8本で、今回で9本目となります。 TDKは、記録へのあくなき挑戦を続ける選手たちを応援したい、特に自分たちの意思と努力で未来をひきよせようとしている若手アスリートの後押しをしたいという思いがあります。 磁性技術を強みとして、未来を変えてしまうほどのテクノロジーを生み出しつづけてきたTDKと、そのDNAを受け継ぎ技術で未来を変えようとする当社の若手従業員の姿勢と通ずるからでもあります。それはまさに、TDKのコミュニケーションメッセージである ”Attracting Tomorrow” につながるものです。 TDKは、2029年までWAオフィシャルパートナー契約を結び、オフィシャルパートナー活動を継続します。 ※WAオフィシャルパートナー活動はこちらをご覧ください。 TDK株式会社（本社：東京）は、スマート社会における電子デバイスソリューションのリーディングカンパニーを目指しています。 独自の磁性素材技術をそのDNAとし、最先端の技術革新で未来を引き寄せ（Attracting Tomorrow）、社会の変革に貢献してまいります。 当社は各種エレクトロニクス機器において幅広く使われている電子材料の「フェライト」を事業化する目的で1935年に設立されました。主力製品は、積層セラミックコンデンサ、アルミ電解コンデンサ、フィルムコンデンサ、インダクタ、フェライトコア、高周波部品、ピエゾおよび保護部品等の各種受動部品をはじめ、温度、圧力、磁気、MEMSセンサなどのセンサおよびセンサシステムがあります。さらに、磁気ヘッドや電源、二次電池などです。これらの製品ブランドとしては、TDK、EPCOS、InvenSense、Micronas、Tronics、TDK-Lambdaがあります。 アジア、ヨーロッパ、北米、南米に設計、製造、販売のネットワークを有し、自動車、産業電子機器、コンシューマー製品、そして情報通信機器など幅広い分野においてビジネスを展開しています。2023年3月期の売上は約2兆1,800億円、従業員総数は全世界で約103,000人です。",c2b596b7f9209c25498ac360601daf0ae428c5ad10e80b554c25981b1e28433e,23/08/23,5000.0,5109.0,2,2,2.8333
23/08/28,2023年8月28日 TDK株式会社（以下、「当社」という。）は、2023年8月2日開催の取締役会において決議されました、事後交付型株式報酬としての自己株式の処分に関し、本日、払込手続が完了いたしましたので、下記のとおりお知らせいたします。本件の詳細につきましては、2023年8月2日付「事後交付型株式報酬としての自己株式の処分に関するお知らせ」をご参照ください。 記,043f8e2c88f16a4ae1393a8a3bf68b20c6f12b8631d533c9cbc36e8bfd55f843,23/08/28,5112.0,5203.0,2,2,-4.166
23/09/01,"2023年9月1日 TDK株式会社（社長：齋藤 昇、以下、当社）は、下記のとおり第11回無担保社債（グリーンボンド）（以下、「本発行」）の発行条件を決定しましたのでお知らせします。 当社は、当社初のESGファイナンスとして2021年12月にサステナビリティ・リンク・ボンドを発行しておりますが、本発行はそれに続く、当社初のグリーンボンドとなります。 当社グループは、2016年に、2035年におけるTDKのあるべき姿を「自然の循環を乱さない環境負荷で操業すること」と定義づけ、「ライフサイクル的視点でのCO2排出原単位を2035年までに半減」することを掲げた「TDK環境ビジョン2035」を策定しました。 7月31日にお知らせした通り、今般、新たにTDK株式会社サステナブルファイナンス・フレームワークを策定し、製品によるCO2排出削減を実現する資金使途を特定するグリーンファイナンスを活用し、「TDK環境ビジョン2035」の実現および「Social Value（社会的価値）」、「Commercial Value（成長戦略）」、「Asset Value（資本効率）」の3つの「Value」の更なる向上に向けた資金調達基盤を確立するとともに、持続的な企業価値の向上を図っていきます。 記 ※xEVとして、BEV（Battery Electric Vehicle）、FCEV／FCV（Fuel Cell Electric Vehicle／Fuel Cell Vehicle）、PHEV／PHV（Plug-in Hybrid Electric Vehicle／Plug-in Hybrid Vehicle）、HEV（Hybrid Electric Vehicle）が含まれております。 本発行を含むサステナブルファイナンスの実施のために策定したサステナブルファイナンス・フレームワークについては、第三者評価機関である株式会社格付投資情報センターより、資金使途を特定するグリーンファイナンス（社債およびローン等）、ならびに資金使途を特定しないサステナビリティ・リンク・ファイナンス（社債およびローン等）の発行および調達に係る各種基準に適合する旨のセカンド・パーティー・オピニオンを取得しています。 TDKグリーンボンドへの投資を表明していただいている投資家をご紹介いたします（2023年9月1日現在、五十音順）。 投資表明投資家一覧表 TDK株式会社（本社：東京）は、スマート社会における電子デバイスソリューションのリーディングカンパニーを目指しています。 独自の磁性素材技術をそのDNAとし、最先端の技術革新で未来を引き寄せ（Attracting Tomorrow）、社会の変革に貢献してまいります。 当社は各種エレクトロニクス機器において幅広く使われている電子材料の「フェライト」を事業化する目的で1935年に設立されました。主力製品は、積層セラミックコンデンサ、アルミ電解コンデンサ、フィルムコンデンサ、インダクタ、フェライトコア、高周波部品、ピエゾおよび保護部品等の各種受動部品をはじめ、温度、圧力、磁気、MEMSセンサなどのセンサおよびセンサシステムがあります。さらに、磁気ヘッドや電源、二次電池などです。これらの製品ブランドとしては、TDK、EPCOS、InvenSense、Micronas、Tronics、TDK-Lambdaがあります。 アジア、ヨーロッパ、北米、南米に設計、製造、販売のネットワークを有し、自動車、産業電子機器、コンシューマー製品、そして情報通信機器など幅広い分野においてビジネスを展開しています。2023年3月期の売上は約2兆1,800億円で、従業員総数は全世界で約103,000人です。",29035bfba85da03dabd4aebc7c7482a33eea60fe3e149300a572e46c341b5722,23/09/01,5276.0,5242.0,1,2,2.1666
23/09/06,"TDK株式会社（社長：齋藤 昇）は、迅速なハプティクス製品試作のための開発スターターキットを発表します。本キットを使うことにより、ユーザーであるエンジニアはPowerHap™ピエゾアクチュエータによる触感フィードバックの第一印象を容易に理解でき、かつ機械的な組み込みがどのように機能するかを把握することで様々なアプリケーションに適応するリファレンス設計が可能となります。PowerHapピエゾアクチュエータは、加速度、力感、応答時間における類い稀な性能に基づき、これまでにない質の高い触感フィードバックを提供します。例えば、自動車（ハンドル、ディスプレイ、ダッシュボード、ボタンなど）、スマートフォン、ディスプレイ、タブレット、家電機器、ATMや自動販売機、ゲームコントローラ、VRグローブ、産業用機器、医療機器などに応用できます。 PowerHapスターターキット（注文コード：Z63000Z2910Z01Z73）は、シームレスボタンアセンブリ（PowerHap 1204H018V060およびPowerHap 1313H018V120を含む）、円形ボタンアセンブリ（PowerHap 1204H018V060を含む）、Boréas Technologies製BOS1901-Kitドライバーボード、予備用PowerHapデバイス（FPC接続ケーブルを含む）、USBケーブル、クイックスタートユーザーガイドで構成されています。 スターターキットは、Boréas Technologies社のBOS1901-Kit開発プラットフォームを利用しています。このプラットフォームは、シームレスボタンと円形ボタン用にあらかじめプログラムされており、PowerHapアクチュエータによるセンシングとハプティクスをすぐに体験することができます。Boréasプラットフォームの機能により、センシング検出パラメータと触感フィードバック波形を調整することで、ハプティクス体験を簡単にカスタマイズして調整することができます。 製品の詳細情報は https://www.tdk-electronics.tdk.com/ja/powerhap. で参照できます。 TDK株式会社（本社：東京）は、スマート社会における電子デバイスソリューションのリーディングカンパニーを目指しています。 独自の磁性素材技術をそのDNAとし、最先端の技術革新で未来を引き寄せ（Attracting Tomorrow）、社会の変革に貢献してまいります。当社は各種エレクトロニクス機器において幅広く使われている電子材料の「フェライト」を事業化する目的で1935年に設立されました。主力製品は、積層セラミックコンデンサ、アルミ電解コンデンサ、フィルムコンデンサ、インダクタ、フェライトコア、高周波部品、ピエゾおよび保護部品等の各種受動部品をはじめ、温度、圧力、磁気、MEMSセンサなどのセンサおよびセンサシステムがあります。さらに、磁気ヘッドや電源、二次電池などです。これらの製品ブランドとしては、TDK、EPCOS、InvenSense、Micronas、Tronics、TDK-Lambdaがあります。アジア、ヨーロッパ、北米、南米に設計、製造、販売のネットワークを有し、自動車、産業電子機器、コンシューマー製品、そして情報通信機器など幅広い分野においてビジネスを展開しています。2023年3月期の売上は約2兆1,800億円、従業員総数は全世界で約103,000人です。  次のメディアで最新情報を得てください © TDK Electronics AG · Edition 2023 · www.tdk-electronics.tdk.com 続けるをクリックするとXがお客様のデータにアクセスできるようになり、これをもってお客様は同社によるデータ処理に同意することになります。Xは、欧州域内のデータ保護と同等のデータ保護が行われていない米国に本社を構える会社です。Xがどのようにお客様のデータを処理しているかについて詳しくはこちらをご覧ください。TDK Electronicsはこのデータ処理に対して何らの影響力を持ちません。 続けるをクリックするとLinkedInがお客様のデータにアクセスできるようになり、これをもってお客様は同社によるデータ処理に同意することになります。LinkedInは、欧州域内のデータ保護と同等のデータ保護が行われていない米国に本社を構える会社です。LinkedInがどのようにお客様のデータを処理しているかについて詳しくはこちらをご覧ください。TDK Electronicsはこのデータ処理に対して何らの影響力を持ちません。 続けるをクリックするとXがお客様のデータにアクセスできるようになり、これをもってお客様は同社によるデータ処理に同意することになります。Xは、欧州域内のデータ保護と同等のデータ保護が行われていない米国に本社を構える会社です。Xがどのようにお客様のデータを処理しているかについて詳しくはこちらをご覧ください。TDK Electronicsはこのデータ処理に対して何らの影響力を持ちません。 続けるをクリックするとLinkedInがお客様のデータにアクセスできるようになり、これをもってお客様は同社によるデータ処理に同意することになります。LinkedInは、欧州域内のデータ保護と同等のデータ保護が行われていない米国に本社を構える会社です。LinkedInがどのようにお客様のデータを処理しているかについて詳しくはこちらをご覧ください。TDK Electronicsはこのデータ処理に対して何らの影響力を持ちません。",d54945b7b2bdcdf60710455631c3f4abe45bfecb9306a503013a3bb6f386d13d,23/09/06,5411.0,5476.0,2,2,3.5
23/09/07,"2023年9月7日 TDK株式会社（社長：齋藤　昇）は、Auワイヤーボンド対応NTCサーミスタ 「NTCWSシリーズ」を開発し、2023年9月より量産を開始したことを発表します。 本製品は、光通信分野で使用されるレーザーダイオード（LD）の温度検知用としてパッケージ内に実装するため、Auワイヤーボンド実装が可能な温度センサです。 5Gに代表される光通信用トランシーバや車間距離測定に使用されるLiDARなどでは、LDを用いるデバイスが増加しています。このLDは温度によって波長が変化するため、LDの温度を制御することが高性能化のポイントとなります。NTCWSシリーズは、LDの高精度な温度センシングを可能にするため、抵抗値／B定数の狭公差（±1%）に対応し、かつLD近傍にAuワイヤーボンド実装が可能な温度センサです。 B定数が「3930K±1%」の製品*を先行リリースし、その他の特性品も順次リリースします。 当社では、産業機器・車載用途を始めとする温度センサの製品強化をはかっており、今後もNTCサーミスタのラインアップを拡充することで、市場ニーズに対応して参ります。 *NTCWS3UF103FC1GT, NTCWS3UF103HC1GT TDK株式会社（本社：東京）は、スマート社会における電子デバイスソリューションのリーディングカンパニーを目指しています。 独自の磁性素材技術をそのDNAとし、最先端の技術革新で未来を引き寄せ（Attracting Tomorrow）、社会の変革に貢献してまいります。 当社は各種エレクトロニクス機器において幅広く使われている電子材料の「フェライト」を事業化する目的で1935年に設立されました。主力製品は、積層セラミックコンデンサ、アルミ電解コンデンサ、フィルムコンデンサ、インダクタ、フェライトコア、高周波部品、ピエゾおよび保護部品等の各種受動部品をはじめ、温度、圧力、磁気、MEMSセンサなどのセンサおよびセンサシステムがあります。さらに、磁気ヘッドや電源、二次電池などです。これらの製品ブランドとしては、TDK、EPCOS、InvenSense、Micronas、Tronics、TDK-Lambdaがあります。 アジア、ヨーロッパ、北米、南米に設計、製造、販売のネットワークを有し、自動車、産業電子機器、コンシューマー製品、そして情報通信機器など幅広い分野においてビジネスを展開しています。2023年3月期の売上は約2兆1,800億円、従業員総数は全世界で約103,000人です。",9496171e26b43c2c047130a798adb623d1f869559859c4610cf2e8b3eda836f4,23/09/07,5454.0,5311.0,1,1,2.8333
23/09/11,2023年9月11日 TDK株式会社（社長：齋藤昇）は、以下の通り人事異動を決定いたしましたので、ご案内申し上げます。 1. 発令日2023年10月1日 ■ 役職変更 以上,4d3e0f02aceda9b3ca6c767c5b17739aac7fb6516f0fe146a6f10815d0f326b6,23/09/11,5313.0,5270.0,1,1,1.6666
23/09/12,"2023年9月12日 TDK株式会社（社長：齋藤　昇）は、積層セラミックコンデンサ（以下、MLCC）で業界初*となる、樹脂電極品でありながら、端子抵抗を通常品と同等に抑えた低抵抗タイプ樹脂電極品「CNシリーズ」で、3216サイズ（L3.2㎜×W1.6㎜×T1.6㎜）で22㎌、ならびに3225サイズ（L3.2㎜×W2.5㎜×T2.5㎜）で47㎌の製品を開発し、2023年9月より量産を開始したことを発表します。 本製品は、2021年9月14日にリリースしたCNシリーズの追加製品となります。 通常、電源ラインではショートの発生を抑えることが重要であり、その対策には樹脂電極タイプのMLCCが効果的です。一方で、樹脂電極品は端子電極の抵抗がわずかながら高くなるため、損失を抑える観点からも抵抗値が低いことが求められます。 当社では、基板実装面側のみを樹脂層で覆うことで、基板曲げ応力による影響を緩和しながら抵抗値の上昇を抑えた新タイプの樹脂電極品を製品化しています。今回開発した新製品は当社従来品から大容量化を実現しており、MLCCの部品数削減やセットの小型化に貢献します。今後も更なるラインナップの拡充を図り、お客様のご要求へ対応してまいります。 * 2023年9月現在、TDK調べ *CNAは車載グレード品、CNCは一般グレード品 サンプルのご購入は、製品名をクリック後に表示される製品ページから可能です。 TDK株式会社（本社：東京）は、スマート社会における電子デバイスソリューションのリーディングカンパニーを目指しています。 独自の磁性素材技術をそのDNAとし、最先端の技術革新で未来を引き寄せ（Attracting Tomorrow）、社会の変革に貢献してまいります。 当社は各種エレクトロニクス機器において幅広く使われている電子材料の「フェライト」を事業化する目的で1935年に設立されました。主力製品は、積層セラミックコンデンサ、アルミ電解コンデンサ、フィルムコンデンサ、インダクタ、フェライトコア、高周波部品、ピエゾおよび保護部品等の各種受動部品をはじめ、温度、圧力、磁気、MEMSセンサなどのセンサおよびセンサシステムがあります。さらに、磁気ヘッドや電源、二次電池などです。これらの製品ブランドとしては、TDK、EPCOS、InvenSense、Micronas、Tronics、TDK-Lambdaがあります。 アジア、ヨーロッパ、北米、南米に設計、製造、販売のネットワークを有し、自動車、産業電子機器、コンシューマー製品、そして情報通信機器など幅広い分野においてビジネスを展開しています。2023年3月期の売上は約2兆1,800億円、従業員総数は全世界で約103,000人です。",6e1e9490ecc8cda30837dbdfbe1d9526ce0825773515964b9a4a441959751f13,23/09/12,5279.0,5330.0,2,2,0.1666
23/09/27,2023年9月27日 TDK株式会社（社長：齋藤　昇）は、以下の通り人事異動を決定いたしましたので、ご案内申し上げます。 1. 発令日2023年10月1日 ■ 役職変更 以上,f8b9b3a6b97a10eaf848232cc99dbd6d6b71427af824d71b36533077d402c54d,23/09/27,5334.0,5460.0,2,2,-4.833
23/10/12,"TDK Worldwide Customer's Login 2023年10月12日 TDK株式会社（社長：齋藤 昇）は、ミクロナスブランドの自動車及び産業機器向けに3Dホールセンサ製品にHAL® 3927を加え、製品ポートフォリオを拡充します。HAL 3927は、ワイヤブレーキ診断機能を備えたレシオメトリックアナログ出力とSENT（SAE J2716 rev. 4）プロトコルをサポートします。本製品のサンプルは、既に提供可能であり、量産は、2024年第一四半期（2024年1－3月）を予定しています。 当該瀬品は、高分解能を持つ位置検知センサです。プログラミングが可能な多数のパラメータとセンサ精度の田坂さにより、トランスミッション、クラッチペダル等の直動の検知、エンジンストロークセンサ、液面レベル検知センサ、シリンダー、バルブの位置測定をサポートします。また、プッシュ機能付き回転式ギアセレクターのロータリー位置検知、リアアクスルステアリングの回転検知にも最適です。また、当該製品には、高精度な温度センサが内蔵されているため、SENTインタフェーズを使用するアプリケーションでは、外付け温度センサを省略することができます。 当該製品は、3Dホールピクセル・セル・テクノロジーを採用しているため、水平磁界成分、垂直磁界成分のBx、By、Bzを直接測定することができます。三つの磁界信号のうちの二つを使用し、360°の回転検知及び直動の検知を実現できます。オンチップ信号処理により、二つの直交する磁場信号から角度を算出し、角度情報が出力信号に変換されます。内蔵信号処理機能に加えて、プログラマブルな出力特性も備えています。例えば、最大33点のセットポイント（33個固定または17個調整可能）を活用し、出力信号のリニアライゼーションが可能となります。また、ゲインやオフセット、リファレンス位置など主要特性も磁気回路に合わせて調整し、不発揮性メモリにプログラミングすることも可能です。当該製品は、ISO 26262 に則って開発され、ASIL B相当の SEooC (Safety element out of context)です。本デバイスは、SOIC8パッケージにて提供いたします。 用語集 主な用途 主な特徴と利点  主要データ*** * HAL/HAR 39xyは、フラウンホーファー集積回路研究所（IlS）のライセンスを使用しています。 ** 当社製品がターゲットとする対象アプリケーションに関する言及は、各用途への適合性が担保されたものではなく、システムレベルでの検証が必要となります。 *** すべての動作パラメータは、実際のアプリケーションごとにお客様にて検証いただく必要があります。  TDK株式会社についてTDK株式会社（本社：東京）は、スマート社会における電子デバイスソリューションのリーディングカンパニーを目指しています。 独自の磁性素材技術をそのDNAとし、最先端の技術革新で未来を引き寄せ（Attracting Tomorrow）、社会の変革に貢献してまいります。当社は各種エレクトロニクス機器において幅広く使われている電子材料の「フェライト」を事業化する目的で1935年に設立されました。主力製品は、積層セラミックコンデンサ、アルミ電解コンデンサ、フィルムコンデンサ、インダクタ、フェライトコア、高周波部品、ピエゾおよび保護部品等の各種受動部品をはじめ、温度、圧力、磁気、MEMSセンサなどのセンサおよびセンサシステムがあります。さらに、磁気ヘッドや電源、二次電池などです。これらの製品ブランドとしては、TDK、EPCOS、InvenSense、Micronas、Tronics、TDK-Lambdaがあります。 アジア、ヨーロッパ、北米、南米に設計、製造、販売のネットワークを有し、自動車、産業電子機器、コンシューマー製品、そして情報通信機器など幅広い分野においてビジネスを展開しています。2023年3月期の売上は約2兆1,800億円、従業員総数は全世界で約103,000人です。 製品の詳細情報はhttps://www.micronas.tdk.com/ja/hal-39xy-1からご参照できます。 引き続き電子メールで情報更新をさせて頂きます、本サービスは記者のみが対象となりますのでご承知ください。 フォローする Privacy PolicyCookie PolicyTerms of UseImprintCookie settings © TDK-Micronas GmbH 2020 TDK logo is a trademark or registered trademark of TDK Corporation.",941cb6f1592458570f017625f770f614acfeb1cdbbf06819bdff218507ecf5b6,23/10/12,5590.0,5782.0,2,2,-0.166
23/10/25,"2023年10月25日 TDK株式会社（社長：齋藤　昇、以下「TDK」）とスイスに本社を置く電流センシングの大手であるLEM International SA（以下「LEM」）は、TMRベースの次世代半導体型電流センサの開発契約を締結しました。 半導体型電流センサは、自動車や産業機器市場の電動化において不可欠な部品です。TDKは、LEMの半導体型電流センサ向けにカスタム仕様のTMR素子を開発します。LEMは、このTMR素子をEVの車載充電器をはじめとする電動化のアプリケーションに半導体型電流センサに組み込みます。この連携により、LEMが高い専門性を持つ自動車および産業機器の2つの市場、特にエネルギーストレージ、モーター制御ドライブ、ソーラー・インバータなどの成長領域においても、TDKのTMR技術の市場での地位がさらに高まることが期待されます。TDKはEX、DX市場において、現在だけでなく将来のアプリケーションもサポートできる製品を提供することにより、磁気センサ市場でのポジションをさらに高めてまいります。 LEMは、TDKの磁気センサの精度およびノイズ制御を含む技術性能に加え、安定的な供給能力、車載品質、長く蓄積されたプロセス技術を評価し、TDKをパートナーに選びました。電流センサ市場は顧客のニーズが細分化されており、幅広い要求に効率よく適合できる製品が求められています。この市場に対してTDKとLEMは、より高速で精度が高く、ノイズを最小限に抑えた半導体型電流センサを開発するために連携します。 TDKのセンサシステムズビジネスカンパニーのCEOである筒井隆雄は、次のように述べています。「TDKは業界をリードする磁気センサソリューションプロバイダーとして、今回のコラボレーションは非常に価値あるものと考えています。当社のTMR技術とLEMの電流計測に関するノウハウとの相乗効果により、電動化が求められる様々な市場に革新的な新製品を提供していきます。」 LEMのCEOであるFrank Rehfeld氏は、次のように述べています。「すでにLEMではTMRベースの次世代半導体型電流センサに関してお客様から高い評価を得ており、今回のコラボレーションのメリットを確信しています。前向きな市場からの反応、電動化の巨大な潮流、そしてTDKとLEMの多くの実績とノウハウによって、このコラボレーションを成功に導くでしょう」 近年、消費者の消費活動の変化や各国の脱炭素化の取り組みにより、世界の多くの地域で電動化が進み、欧州、アジアおよび北米ではインセンティブの拡大EVの販売が増加し、化石燃料の使用は減少しています。Yole Développementは、TDKやLEMなどのキープレイヤーの活躍や、将来にわたり成長するアプリケーションによって磁気センサ市場が2027年に45億ドルに拡大すると予想しています。* * 2022年時点（出典：Yole Développementの2022年版磁気センサレポート） TDK株式会社（本社：東京）は、スマート社会における電子デバイスソリューションのリーディングカンパニーを目指しています。 独自の磁性素材技術をそのDNAとし、最先端の技術革新で未来を引き寄せ（Attracting Tomorrow）、社会の変革に貢献してまいります。 当社は各種エレクトロニクス機器において幅広く使われている電子材料の「フェライト」を事業化する目的で1935年に設立されました。主力製品は、積層セラミックコンデンサ、アルミ電解コンデンサ、フィルムコンデンサ、インダクタ、フェライトコア、高周波部品、ピエゾおよび保護部品等の各種受動部品をはじめ、温度、圧力、磁気、MEMSセンサなどのセンサおよびセンサシステムがあります。さらに、磁気ヘッドや電源、二次電池などです。これらの製品ブランドとしては、TDK、EPCOS、InvenSense、Micronas、Tronics、TDK-Lambdaがあります。 アジア、ヨーロッパ、北米、南米に設計、製造、販売のネットワークを有し、自動車、産業電子機器、コンシューマー製品、そして情報通信機器など幅広い分野においてビジネスを展開しています。2023年3月期の売上は約2兆1,800億円、従業員総数は全世界で約103,000人です。 LEMは、電流計測分野の世界的企業として、エネルギーおよびモビリティ分野で最高のソリューションを開発し、お客様のシステムの最適化と信頼性、安全性の確保に貢献しています。世界17か国、約1700人の社員が、技術のポテンシャルを確固たる解決策として実現しています。当社は、世界最高の人材を育成および採用し、再生可能エネルギー、モビリティ、オートメーション、デジタル化などの巨大な潮流の最前線で活動しています。 当社は、革新的な電流センサおよびソリューションを通して、お客様と社会が持続可能な未来へ加速して移行できるようサポートしてまいります。当社は1986年にスイス証券取引所に上場し、ティッカーシンボルはLEHNです。",b5f3a59a63d76a4ecea9812ea63aaca84a604d80b755dfd3028f9d12e60b8a4e,23/10/25,5678.0,5656.0,1,1,0.0
23/10/26,"2023年10月26日 TDK株式会社（社長：齋藤　昇）は、電源系インダクタ「PLEA85シリーズ」（L1.0mm×W0.8mm×H0.55mm）を 開発し、2023年10月より量産を開始したことを発表します。本製品は、薄膜工法を用いた既存製品PLEA67シリーズの低背化と電気特性の向上を図った製品です。 PLEA85シリーズは、L1.0mm×W0.8mm サイズで金属磁性材料を用いた電源系インダクタにおいて業界最低背0.55mm max.を実現しました。近年のCSP等のIC低背化を考慮し、既存製品の高さ寸法0.8mmから0.55mmへ低背化しております。外部電極は、底面電極と部分的L字形状により実装ずれを抑制し、端子強度を向上させる事で、高密度実装に適しています。さらに新規開発した低損失の金属磁性材料を用いることにより、交流損失を低減し高効率な電源回路を提供する事でウェアラブル機器等に用いられるバッテリーの長時間駆動に貢献します。 今後、より高機能で高密度化したウェアラブル機器の開発が見込まれ、益々、軽薄短小な電子部品の要求が高まります。電源回路のキーパーツとなる高効率な小型低背インダクタのラインアップ拡充により市場ニーズに対応して参ります。 * 2023年10月現在、TDK調べ Isat: インダクタンス変化率に基づく場合（初期インダクタンス 値より30% 低下） Itemp: 温度上昇に基づく場合（自己発熱による温度上昇40°C） TDK株式会社（本社：東京）は、スマート社会における電子デバイスソリューションのリーディングカンパニーを目指しています。 独自の磁性素材技術をそのDNAとし、最先端の技術革新で未来を引き寄せ（Attracting Tomorrow）、社会の変革に貢献してまいります。 当社は各種エレクトロニクス機器において幅広く使われている電子材料の「フェライト」を事業化する目的で1935年に設立されました。主力製品は、積層セラミックコンデンサ、アルミ電解コンデンサ、フィルムコンデンサ、インダクタ、フェライトコア、高周波部品、ピエゾおよび保護部品等の各種受動部品をはじめ、温度、圧力、磁気、MEMSセンサなどのセンサおよびセンサシステムがあります。さらに、磁気ヘッドや電源、二次電池などです。これらの製品ブランドとしては、TDK、EPCOS、InvenSense、Micronas、Tronics、TDK-Lambdaがあります。 アジア、ヨーロッパ、北米、南米に設計、製造、販売のネットワークを有し、自動車、産業電子機器、コンシューマー製品、そして情報通信機器など幅広い分野においてビジネスを展開しています。2023年3月期の売上は約2兆1,800億円、従業員総数は全世界で約103,000人です。",f47b87e80325aee6a773cda932ac64cc421439992d2468ea2a613b0c975cf7f7,23/10/26,5551.0,5445.0,1,1,-3.0
23/11/09,"2023年11月9日 TDK株式会社（社長：齋藤　昇）は、新たに自社開発したPCI Express® (PCIe®) *1, NVM Express™ (NVMe™) *2対応NAND型フラッシュメモリ制御IC GBDriver GX1を搭載したM.2 2280 type SSD [SNP1Aシリーズ]を2024年1月末より販売することを発表します。 近年、ホストシステムのSATA接続ポートが減少し、PCIe®/NVMe™接続のSSDの需要が増えてきております。 PCIe®/NVMe™インターフェース対応のSSDは、サーバー、ハイパフォーマンスコンピューティング、エンターテインメント機器など転送スピードを主眼とする製品が多数を占めている一方で、産業機器、エッジコンピューティング機器においては、信頼性や安定動作が重視されます。 今回NANDメモリコントローラIC (GBDriverGX1)に従来製品で培われたノウハウをつぎ込み、産業機器で主に使われるOSブートアップ利用を想定したデータ信頼性の高いPCIe®/NVMe™インターフェース対応のSSDを開発しました。更に、産業用途で従来製品でも高く評価された電源遮断対策回路をPCIe®用に新規開発し、突然の瞬停などの電源遮断に強いM.2 2280フォームファクターのSSDとなっております。 更に、エッジコンピューティング機器に組み込まれて使われることを想定し、消費電力にも着目しています。NANDメモリコントローラIC (GBDriverGX1)の設計上の工夫により、一般的なPCIe®/NVMe™インターフェース対応のSSDよりおよそ半分程度の消費電力*3となり、エッジコンピューティング機器の長時間駆動に貢献します。 データセキュリティ機能も充実させています。ファームウェア（FW）改竄防止機能だけでなく、なりすまし防止やランサムウェアなどのウィルス対策が可能な当社オリジナルセキュリティ機能なども搭載し、NAND型フラッシュメモリに記録されたデータ改ざん、漏洩に対し、強固なセキュリティ機能を提供します。 なお、SNP1Aシリーズは2023年11月15日～17日にパシフィコ横浜で開催されるEdgeTech+2023の当社ブースにて展示します。 TDK株式会社（本社：東京）は、スマート社会における電子デバイスソリューションのリーディングカンパニーを目指しています。 独自の磁性素材技術をそのDNAとし、最先端の技術革新で未来を引き寄せ（Attracting Tomorrow）、社会の変革に貢献してまいります。 当社は各種エレクトロニクス機器において幅広く使われている電子材料の「フェライト」を事業化する目的で1935年に設立されました。主力製品は、積層セラミックコンデンサ、アルミ電解コンデンサ、フィルムコンデンサ、インダクタ、フェライトコア、高周波部品、ピエゾおよび保護部品等の各種受動部品をはじめ、温度、圧力、磁気、MEMSセンサなどのセンサおよびセンサシステムがあります。さらに、磁気ヘッドや電源、二次電池などです。これらの製品ブランドとしては、TDK、EPCOS、InvenSense、Micronas、Tronics、TDK-Lambdaがあります。 アジア、ヨーロッパ、北米、南米に設計、製造、販売のネットワークを有し、自動車、産業電子機器、コンシューマー製品、そして情報通信機器など幅広い分野においてビジネスを展開しています。2023年3月期の売上は約2兆1,800億円、従業員総数は全世界で約103,000人です。",a64e5797309ca64e8f2490104f61f1029e850f7165f045656a1884d9ad983a63,23/11/09,5975.0,6039.0,2,2,1.0
23/11/13,"2023年11月13日 TDK株式会社（社長：齋藤　昇）は、本年11月に4年ぶりの来日を果たす世界最高峰のオーケストラ「ベルリン・フィルハーモニー管弦楽団」の公演に協賛するとともに、当社が主催し、ベルリン・フィルハーモニー管弦楽団が協力する次世代の学生を対象とした社会貢献プログラムを実施することを発表します。 当社は、2001年より世界を代表するオーケストラの日本公演に協賛するとともに、コミュニケーションメッセージ「Attracting Tomorrow」と重ね合わせ、自身の力で新しい未来を切り拓こうとする若い世代を応援するため、音楽を学ぶ学生を対象とした「公開リハーサル」、音楽の専門家による学習機会を提供する「TDK Rising Stars Lecture」など、様々なプログラムを長きにわたり展開してきました。今年も生の音楽の響き、素晴らしさをリアルに体験できる機会を学生のみなさんに多様な形で提供します。 ©Stephan Rabold ©Stephan Rabold 音楽を学んでいる学生230名を、ベルリン・フィルと対話する特別な教育プログラム「ベルリン・フィル スペシャルセッション」に招待します。作曲家・千住明氏がベルリン・フィルについて解説するプレレクチャーに続き、ベルリン・フィルのメンバーによる演奏やトークセッションを行います。また、応募者のうち抽選で当選した30名は同日行われる本公演へも招待します。 ※招待応募は締め切りました。 ※本プログラム内容について 「公開リハーサル」の開催を当初予定していましたが、オーケストラの都合により本プログラムへと変更となりました。 TDK株式会社（本社：東京）は、スマート社会における電子デバイスソリューションのリーディングカンパニーを目指しています。 独自の磁性素材技術をそのDNAとし、最先端の技術革新で未来を引き寄せ（Attracting Tomorrow）、社会の変革に貢献してまいります。 当社は各種エレクトロニクス機器において幅広く使われている電子材料の「フェライト」を事業化する目的で1935年に設立されました。主力製品は、積層セラミックコンデンサ、アルミ電解コンデンサ、フィルムコンデンサ、インダクタ、フェライトコア、高周波部品、ピエゾおよび保護部品等の各種受動部品をはじめ、温度、圧力、磁気、MEMSセンサなどのセンサおよびセンサシステムがあります。さらに、磁気ヘッドや電源、二次電池などです。これらの製品ブランドとしては、TDK、EPCOS、InvenSense、Micronas、Tronics、TDK-Lambdaがあります。 アジア、ヨーロッパ、北米、南米に設計、製造、販売のネットワークを有し、自動車、産業電子機器、コンシューマー製品、そして情報通信機器など幅広い分野においてビジネスを展開しています。2023年3月期の売上は約2兆1,800億円、従業員総数は全世界で約103,000人です。",97cda5ac178b69ec7eaf3154cc2502c3ec5d8c4feb2208f5a9ebfa8053eb37e1,23/11/13,6302.0,6330.0,2,1,0.1666
23/11/14,"2023年11月14日 TDK株式会社（社長：齋藤　昇）は、TDK-LambdaブランドのAC-DC基板型電源ZWS-Cシリーズを新たに開発したことを発表します。10/15/30/50Wモデルをラインアップし、お客様の幅広いニーズにお応えします。TDKラムダ株式会社（社長：八鳥　佐内）が10/15/30Wモデルを11月、50Wモデルを来年1月より販売を開始します。 本シリーズは、最新小型部品の高密度実装により、10/15Wでは45.7 × 63.5 mm、30/50Wでは50.8 × 76.2 mmのコンパクトなフットプリントを実現し、お客様装置の小型化に貢献します。 感電保護クラスはクラスⅠ機器の他に、保護接地が不要なクラスⅡ機器にも対応し、雑音端子電圧（CE）および雑音電界強度（RE）は両感電保護クラスにおいて低ノイズ特性を実現しました。（Class B準拠） 安全規格はAV・情報・通信機器規格IEC/UL/CSA/EN62368-1、家庭用電気機器の規格EN60335-1についてそれぞれ認定を受けており、一般産業機器に加えて家庭用機器にも最適であり、幅広い用途に安心してご利用いただけます。 ※5VDC出力モデルは定格出力電力が異なります TDK株式会社（本社：東京）は、スマート社会における電子デバイスソリューションのリーディングカンパニーを目指しています。 独自の磁性素材技術をそのDNAとし、最先端の技術革新で未来を引き寄せ（Attracting Tomorrow）、社会の変革に貢献してまいります。 当社は各種エレクトロニクス機器において幅広く使われている電子材料の「フェライト」を事業化する目的で1935年に設立されました。主力製品は、積層セラミックコンデンサ、アルミ電解コンデンサ、フィルムコンデンサ、インダクタ、フェライトコア、高周波部品、ピエゾおよび保護部品等の各種受動部品をはじめ、温度、圧力、磁気、MEMSセンサなどのセンサおよびセンサシステムがあります。さらに、磁気ヘッドや電源、二次電池などです。これらの製品ブランドとしては、TDK、EPCOS、InvenSense、Micronas、Tronics、TDK-Lambdaがあります。 アジア、ヨーロッパ、北米、南米に設計、製造、販売のネットワークを有し、自動車、産業電子機器、コンシューマー製品、そして情報通信機器など幅広い分野においてビジネスを展開しています。2023年3月期の売上は約2兆1,800億円、従業員総数は全世界で約103,000人です。 TDKラムダ株式会社は、信頼性・革新性の高い産業機器向け電源をグローバルに提供するリーディングカンパニーです。日本、中国、ヨーロッパ、アメリカ、アジアの世界5極に研究開発拠点を置き、開発・製造から販売・保守までのフルファンクション体制でお客さまのさまざまなニーズにお応えしていきます。詳細は、https://www.jp.lambda.tdk.com/ja/をご覧下さい。 Copyright(c) TDK-Lambda Corporation. All rights reserved. TDK logo is a trademark or registered trademark of TDK Corporation. PAGE TOP",6a542e1b00deda02b2aac6648de396ce60e205464886fc0c92e0a1daf612eab0,23/11/14,6330.0,6297.0,1,1,-4.166
23/11/21,"2023年11月21日 TDK株式会社（社長：齋藤　昇）は、EMC対策製品「MAF1005FRシリーズ」（L1.0mm×W0.5mm×H0.5mm）を 開発し、2023年11月より量産を開始したことを発表します。本製品は、スマートフォン等のオーディオライン（音声ライン）に使用する積層工法を用いたノイズ対策製品です。 スマートフォンなどのオーディオラインからは、電磁ノイズが放射されています。このノイズは内蔵アンテナに干渉しスマートフォンの受信感度を低下させます。そのノイズ対策として、一般的にはチップビーズが使用されていますが、ノイズ抑制に効果的な反面、オーディオラインで最も重要な音声を劣化させてしまう問題を抱えていました。MAF1005FR シリーズは、新開発の低歪フェライト材料の採用により音声歪みを大幅に低減し、チップビーズを使用した際に発生する音質劣化の問題を解決します。また、広帯域で高減衰のため、FMバンドからセルラーバンドまでをカバーし、従来品ではノイズサプレッションフィルタを各々の周波数帯域で計2個使用していましたが、本製品は1個での対応が可能になりました。 今後は、スピーカー用途での大電流対応に加え、小型化対応及び900MHzから5GHzまでの高周波帯域のノイズ対策に対応したラインアップ拡充により市場ニーズに貢献して参ります。 TDK株式会社（本社：東京）は、スマート社会における電子デバイスソリューションのリーディングカンパニーを目指しています。 独自の磁性素材技術をそのDNAとし、最先端の技術革新で未来を引き寄せ（Attracting Tomorrow）、社会の変革に貢献してまいります。 当社は各種エレクトロニクス機器において幅広く使われている電子材料の「フェライト」を事業化する目的で1935年に設立されました。主力製品は、積層セラミックコンデンサ、アルミ電解コンデンサ、フィルムコンデンサ、インダクタ、フェライトコア、高周波部品、ピエゾおよび保護部品等の各種受動部品をはじめ、温度、圧力、磁気、MEMSセンサなどのセンサおよびセンサシステムがあります。さらに、磁気ヘッドや電源、二次電池などです。これらの製品ブランドとしては、TDK、EPCOS、InvenSense、Micronas、Tronics、TDK-Lambdaがあります。 アジア、ヨーロッパ、北米、南米に設計、製造、販売のネットワークを有し、自動車、産業電子機器、コンシューマー製品、そして情報通信機器など幅広い分野においてビジネスを展開しています。2023年3月期の売上は約2兆1,800億円、従業員総数は全世界で約103,000人です。",1931aea72fdda190603665422740daa47cdc0b161fa769811e1b8e89e0f70f80,23/11/21,6500.0,6474.0,1,1,-1.5
23/11/22,2023年11月22日 TDK株式会社（社長：齋藤　昇）は、以下の通り人事異動を決定いたしましたので、ご案内申し上げます。 1. 発令日2024年1月1日 ■ 役職変更 以上,fd7274f0a1ea890ee9e7aabccb12824f512af251c9d2459a26d3a4402fd0d3e0,23/11/22,6475.0,6557.0,2,2,2.6666
23/11/28,"TDK Worldwide Customer's Login 2023 年 11 月 28 日 TDK 株式会社(社長:齋藤 昇)は、自動車及び産業機器アプリケーション向けに新たに HAL 3930-4100 及び HAR 3930-4100 をラインナップに加え、ミクロナスブランドの 3D HAL® 位置検出センサ製品ポートフォリオを さらに拡充します。両製品ともに外乱磁場補正機能を備え、高精度な位置検出が実現可能です。また、PWM と SENT という2つのデジタル出力インタフェースをサポートし、設計の柔軟性を高めています。HAL 3930-4100 (シングルダイ) は、ISO 26262 で規定された SEooC (Safety element out of context) ASIL C に相当し、ASIL D を 要求する車載システムに搭載可能です。これらのセンサーは、ステアリングアングル検知、トランスミッション 位置検知、シフターポジションの検知、シャーシ位置の検知、アクセル及びブレーキペダル位置検知に適してい ます** サンプルは既に提供可能で、量産は、2024 年 1 月開始を予定しています。 両製品ともに、ユーザーが設定可能な PWM 又は SENT 出力インタフェースを備え、アプリケーションの設計柔 軟性を高めています。さらに、汎用性の高いハイ/ロー信号を出力するスイッチも内蔵しています。センサが検知 し算出された位置データ、シグナルパスに沿った温度や磁場振幅など他の情報もスイッチの信号源として活用で きます。HAL 3930-4100、HAR 3930-4100 とも ASIL C に対応したデバイスであり、起動時及び通常動作中にセ ルフテストを行うことで製品自体の信頼性を高めています。セルフテストは、センサが誤った読み取り値を出力 することを防いだり、SENT 標準又は PWM 出力時の診断レベルで定義された問題をレポートします。 HAR 3930-4100 は、 HAL 3930-4100 のデュアルダイバージョンであり、構造的にも電気的にも完全に独立した 2つのセンサ・ダイを内蔵し、冗長性を確保しています。2つのダイは上下に積み重ねて配置されており、ほぼ 同等レベルな磁場を読み取りながら同期された信号を出力します。冗長設計を1つのパッケージで実現すること によって、基板サイズが小さくなり、半田接合も少なくなるため、アプリケーション全体のコストダウン及び信 頼性強化に寄与します。HAR 3930-4100 は コンパクトな SSOP16 パッケージ、HAL 3930-4100 は SOIC8 パッケ ージにてご提供します。 HAR 3930-4100 及び HAL 3930-4100 は 360°回転検知、直動、3D 測定を含む多種の測定をサポートします。 3D 位置情報(ジョイスティックモードを含む)は、SENT 出力又は 2 本の PWM 出力で送信可能です。さらに、 シャーシ位置検知センサに適合するモジュラー機能が備えてあり、この機能により 360°の測定レンジを 90°、 120°、180°のセグメントに分割し、より正確な測定ができるようになります。 本製品には、オンチップ信号処理機能が付いています、検出した磁界成分から二つの角度を計算し、計算結果を デジタル信号に変換します。この柔軟性の高いアーキテクチャにより、ユーザーは不発揮性メモリのプログラミ ングを通じてゲイン、オフセット、基準値などの重要なパラメータを微調整できるようになり、特定の磁気回路 要件をよどみなくサポートすることができます。 用語集 主な用途** 主な特徴と利点 主要データ*** * HAL/HAR 39xy は、フラウンホーファー集積回路研究所(IlS)のライセンスを使用しています。 ** 当社製品にて言及したすべての対象アプリケーションは、実現目的/機能への適合性を主張しなく、システムでのご検証が必要となります。 *** すべての動作パラメータは、実際のアプリケーションごとにお客様にてご検証いただく必要があります。  TDK 株式会社について TDK 株式会社(本社:東京)は、スマート社会における電子デバイスソリューションのリーディングカンパニー を目指しています。 独自の磁性素材技術をその DNA とし、最先端の技術革新で未来を引き寄せ(Attracting Tomorrow)、社会の変革に貢献してまいります。 当社は各種エレクトロニクス機器において幅広く使われている電子材料の「フェライト」を事業化する目的で 1935 年に設立されました。主力製品は、積層セラミックコンデンサ、アルミ電解コンデンサ、フィルムコンデン サ、インダクタ、フェライトコア、高周波部品、ピエゾおよび保護部品等の各種受動部品をはじめ、温度、圧 力、磁気、MEMS センサなどのセンサおよびセンサシステムがあります。さらに、磁気ヘッドや電源、二次電池 などです。これらの製品ブランドとしては、TDK、EPCOS、InvenSense、Micronas、Tronics、TDK-Lambda が あります。 アジア、ヨーロッパ、北米、南米に設計、製造、販売のネットワークを有し、自動車、産業電子機器、コンシュ ーマー製品、そして情報通信機器など幅広い分野においてビジネスを展開しています。2023 年 3 月期の売上は約 2 兆 1,800 億円、従業員総数は全世界で約 103,000 人です。 製品の詳細情報は https://www.micronas.tdk.com/en/products/direct-angle-sensors/hal-39xy からご参照できます。 引き続き電子メールで情報更新をさせて頂きます、本サービスは記者のみが対象となりますのでご承知ください。 フォローする Privacy PolicyCookie PolicyTerms of UseImprintCookie settings © TDK-Micronas GmbH 2020 TDK logo is a trademark or registered trademark of TDK Corporation.",4bcd0d67556925d8a52340074fb6672ebe22ef2e9b1d2b22e085993ae9243488,23/11/28,6724.0,6659.0,1,1,-3.5
23/12/13,"2023年12月13日 TDK株式会社（社長：齋藤　昇）は、NEDOの「ポスト5G情報通信システム基盤強化研究開発事業／先導研究（委託）」（以下、本事業）において、国立研究開発法人産業技術総合研究所（産総研）、大阪大学大学院基礎工学研究科（大阪大学）とともに、ポスト5G／6Gの通信エリア拡大への利用が期待されるテラヘルツ帯メタサーフェス反射板の研究開発に取り組んでおり、今般、メタサーフェス反射板のテラヘルツ帯評価装置（以下、本装置）を開発しました。本装置は、疑似平面波を生成するオフセットグレゴリアンアンテナから成り、平面波照射下でのメタサーフェス反射板の性能評価をコンパクトなセットアップで実現します。さらに、本装置を活用し、6Gで利用が想定される220ギガヘルツ（GHz）と293GHzの両周波数帯で動作するデュアルバンドメタサーフェス反射板の開発・実証に成功しました。 今後は、本装置による高精度な反射板評価技術を活用して、メタサーフェス反射板のさらなる高機能化や高効率化を推進し、ポスト5G／6Gの通信エリアを基地局の増設なしに柔軟に拡大する技術基盤の確立を目指します。 図1　反射板テラヘルツ帯評価装置（左）と評価装置に用いられるオフセットグレゴリアンアンテナ（右） テラヘルツ帯※1を利用するポスト5G／6Gでは、障害物の遮蔽（しゃへい）効果による通信エリアの制限が実現の妨げとなっています。その中で、電磁波を特定の方向に反射できるメタサーフェス反射板※2を用いた通信エリアの拡大技術の研究が進んでいます。メタサーフェス反射板は、既存の建物の壁や窓に設置し、遠方の基地局アンテナから照射される平面波を特定方向に反射させ、障害物に遮蔽されたエリアにも障害物を迂回（うかい）した通信パスを構築して通信エリアを拡大することを想定しています（図2）。実使用と同等の平面波照射下でメタサーフェス反射板の評価を行うには、一般に電磁波を照射するアンテナとメタサーフェス反射板間の距離を十分に離す必要があります。特にテラヘルツ帯では、反射板のサイズが波長に比べて極めて大きくなり、必要な伝送距離は数十mにも達するため、実使用と同等の条件下でのメタサーフェス反射板の性能評価は困難で、このことがテラヘルツ帯メタサーフェス反射板の開発の支障となっていました。 図2　メタサーフェス反射板を用いた通信エリア拡大の模式図 このような背景を踏まえ、NEDOの本事業※3で、産総研、TDK、大阪大学は、テラヘルツ帯メタサーフェス反射板の反射性能を正確かつ簡便に評価できる本装置を開発しました。本装置は、疑似平面波を生成するオフセットグレゴリアンアンテナ※4から成り、実使用と同等の平面波照射下でのメタサーフェス反射板の性能評価をコンパクトなセットアップで実現します。さらに、本装置による高精度反射板評価技術を活用して、6Gで利用が想定される220GHzと293GHzの両周波数帯の電磁波を同じ方向に高効率で反射するデュアルバンド※5メタサーフェス反射板の開発・実証に成功しました。 なお、本技術開発において、産総研は反射板評価装置の開発とデュアルバンドメタサーフェス反射板の設計・評価を、TDKはデュアルバンドメタサーフェス反射板の試作を、大阪大学はデュアルバンドメタサーフェス反射板の理論提案を担当しました。また、本技術の詳細は、2023年12月7日に学術誌「IEEE Access※6」に掲載されました。 （1）反射板テラヘルツ帯評価装置の開発 開発した本装置は、パラボラ鏡※7、楕円（だえん）鏡※8とその背後にあるフィード用のアンテナから成るオフセットグレゴリアンアンテナの構成により、疑似平面波を生成します（図1）。生成した疑似平面波を反射板サンプルに照射することで、最大330GHzの広帯域にわたって、平面波照射下での反射特性評価ができます。アンテナ放射電界の振幅と位相の分布計測結果（図3）から得られる、疑似平面波のビームサイズは直径が約250mmに達し、大型の反射板サンプルの評価が可能となります。 サンプルに照射されるビームが平面波ではなく不均一な位相分布をもつ場合、実使用と同等の反射性能を正確に評価できません。本装置と同等の疑似平面波を一般のコルゲートホーンアンテナ※9を使用して生成するには、アンテナと反射板サンプル間の距離は30m以上必要と試算されますが、本装置ではオフセットグレゴリアンアンテナとサンプル間の距離は約0.9mで実現できました。 図3　本装置が生成する疑似平面波の2次元電界分布（左：振幅、右：位相） （2）220／293GHz動作デュアルバンドメタサーフェス反射板の開発・実証 本装置を活用して、6Gで利用が想定される220GHzと293GHz で動作するデュアルバンドメタサーフェス反射板を開発し、その実証試験を行いました。開発したデュアルバンドメタサーフェス反射板は、誘電体基板表面に形成した金属周期構造を最適化し、高次の回折モードを制御することで、2周波数で同じ方向に高効率で反射するデュアルバンド異常反射動作を実現しました（図4）。テラヘルツ帯での動作を担保するため、金属周期構造の試作誤差は4μm以下に抑えています。入射角0°、反射角45°で設計した試作品に対し、本装置を用いて反射電力比の角度依存性を試験したところ、220GHzと293GHzの両周波数帯において、所望の方向への強い反射が見られました（図4下図）。そのほかの方向への不要反射は十分に抑制され、反射効率は両周波数で80％超に達しており、実用に資する高効率動作が確認されました。また、測定された反射特性は設計と非常によく一致していました。この結果は、高精度の試作に加え、今回開発した反射板テラヘルツ帯評価装置の有用性を裏付けるものです。 図4　デュアルバンドメタサーフェス反射板の動作（左上）、試作品（右上）、反射特性計測結果（下） 産総研とTDK、大阪大学は、今回開発した330GHzまでの反射板評価技術を活用して、テラヘルツ帯メタサーフェス反射板のさらなる高機能化や高効率化の研究開発を進めます。これにより、ポスト5G／6Gの低消費電力かつ柔軟な通信エリア拡大を目指します。 NEDOは、本技術をはじめ、今後もポスト5Gに対応した情報通信システムの中核となる技術を開発することで、日本のポスト5G情報通信システムの開発および製造基盤の強化を目指します。 【注釈】 TDK株式会社（本社：東京）は、スマート社会における電子デバイスソリューションのリーディングカンパニーを目指しています。 独自の磁性素材技術をそのDNAとし、最先端の技術革新で未来を引き寄せ（Attracting Tomorrow）、社会の変革に貢献してまいります。 当社は各種エレクトロニクス機器において幅広く使われている電子材料の「フェライト」を事業化する目的で1935年に設立されました。主力製品は、積層セラミックコンデンサ、アルミ電解コンデンサ、フィルムコンデンサ、インダクタ、フェライトコア、高周波部品、ピエゾおよび保護部品等の各種受動部品をはじめ、温度、圧力、磁気、MEMSセンサなどのセンサおよびセンサシステムがあります。さらに、磁気ヘッドや電源、二次電池などです。これらの製品ブランドとしては、TDK、EPCOS、InvenSense、Micronas、Tronics、TDK-Lambdaがあります。 アジア、ヨーロッパ、北米、南米に設計、製造、販売のネットワークを有し、自動車、産業電子機器、コンシューマー製品、そして情報通信機器など幅広い分野においてビジネスを展開しています。2023年3月期の売上は約2兆1,800億円、従業員総数は全世界で約103,000人です。",86efc93bf47536eca6e233094e2d08f6a941a2887eee42e2cc57aa591200a6cc,23/12/13,6753.0,6662.0,1,1,0.8333
23/11/28,Customer's Login TDK Worldwide © TDK Electronics AG 2023 TDK logo is a trademark or registered trademark of TDK Corporation. Register now,d9f5827cbb1e0262cf1e4422b022c092439b0af9212f315688983214a6ff4614,23/11/28,6724.0,6659.0,1,1,-3.5
23/10/12,Customer's Login TDK Worldwide © TDK Electronics AG 2023 TDK logo is a trademark or registered trademark of TDK Corporation. Register now,59be2cb72bbfae2215eb4fd77b87cf3b548489d90b1a831be125e19d97f5cb70,23/10/12,5590.0,5782.0,2,2,-0.166
23/07/20,Customer's Login TDK Worldwide © TDK Electronics AG 2023 TDK logo is a trademark or registered trademark of TDK Corporation. Register now,060af14e2cf35bd54a30243ebc0aa5d05b9a491304e679e786c1dd68cb36985f,23/07/20,5453.0,5373.0,1,1,-1.5
23/04/18,Customer's Login TDK Worldwide © TDK Electronics AG 2023 TDK logo is a trademark or registered trademark of TDK Corporation. Register now,de001554fe5fc5104cd800a6429b45725eeb5063fe734dd00c1f1daa2663e3e8,23/04/18,4650.0,4695.0,2,2,-2.0
23/02/16,Customer's Login TDK Worldwide © TDK Electronics AG 2023 TDK logo is a trademark or registered trademark of TDK Corporation. Register now,22048de818c54aac67765e6cccc71559b4d15c29172f2152418d49595c8d72b1,23/02/16,4600.0,4620.0,2,2,3.0
